Page URL,Image URL,Discovered
https://sweet-home.co.il/blog/berlin-rental-market-2025-rents-are-rising-fast-and-investors-are-taking-notice,https://sweet-home-spaces.fra1.cdn.digitaloceanspaces.com/blog/berlin-rental-market-2025-rents-are-rising-fast-and-investors-are-taking-notice/inline/1761201521529-berlin_rent_growth.png,07 Jan 2026 (00:23 UTC)
https://sweet-home.co.il/blog/berlin-rental-market-2025-rents-are-rising-fast-and-investors-are-taking-notice,https://sweet-home-spaces.fra1.cdn.digitaloceanspaces.com/blog/berlin-rental-market-2025-rents-are-rising-fast-and-investors-are-taking-notice/inline/1761201551909-berlin_rent_comparison.png,07 Jan 2026 (00:23 UTC)
https://sweet-home.co.il/blog/berlin-rental-market-2025-rents-are-rising-fast-and-investors-are-taking-notice,https://sweet-home-spaces.fra1.cdn.digitaloceanspaces.com/blog/berlin-rental-market-2025-rents-are-rising-fast-and-investors-are-taking-notice/inline/1761201726699-berlin_district_growth_v4.png,07 Jan 2026 (00:23 UTC)
https://sweet-home.co.il/blog/berlins-housing-demand-an-unmatched-opportunity-for-investors,https://sweet-home-spaces.fra1.cdn.digitaloceanspaces.com/blog/berlins-housing-demand-an-unmatched-opportunity-for-investors/inline/1759454377954-berlin_housing_gap.png,06 Jan 2026 (19:05 UTC)
https://sweet-home.co.il/blog/berlins-housing-demand-an-unmatched-opportunity-for-investors,https://sweet-home-spaces.fra1.cdn.digitaloceanspaces.com/blog/berlins-housing-demand-an-unmatched-opportunity-for-investors/inline/1759454401732-berlin_price_comparison.png,06 Jan 2026 (19:05 UTC)
https://sweet-home.co.il/blog/berlins-vacancy-rate-is-practically-zero-and-thats-a-big-opportunity-for-investors,https://sweet-home-spaces.fra1.cdn.digitaloceanspaces.com/blog/berlin-s-vacancy-rate-is-practically-zero-and-that-s-a-big-opportunity-for-investors/inline/1761554481446-berlin_vacancy_comparison.png,06 Jan 2026 (19:05 UTC)
https://sweet-home.co.il/blog/berlins-vacancy-rate-is-practically-zero-and-thats-a-big-opportunity-for-investors,https://sweet-home-spaces.fra1.cdn.digitaloceanspaces.com/blog/berlin-s-vacancy-rate-is-practically-zero-and-that-s-a-big-opportunity-for-investors/inline/1761554567573-berlin_population_growth.png,06 Jan 2026 (19:05 UTC)
https://sweet-home.co.il/blog/berlins-vacancy-rate-is-practically-zero-and-thats-a-big-opportunity-for-investors,https://sweet-home-spaces.fra1.cdn.digitaloceanspaces.com/blog/berlin-s-vacancy-rate-is-practically-zero-and-that-s-a-big-opportunity-for-investors/inline/1761554507528-berlin_housing_supply_demand.png,06 Jan 2026 (19:05 UTC)
https://sweet-home.co.il/blog/berlins-vacancy-rate-is-practically-zero-and-thats-a-big-opportunity-for-investors,https://sweet-home-spaces.fra1.cdn.digitaloceanspaces.com/blog/berlin-s-vacancy-rate-is-practically-zero-and-that-s-a-big-opportunity-for-investors/inline/1761554612061-berlin_investment_advantages_vacancy.png,06 Jan 2026 (19:05 UTC)
https://sweet-home.co.il/blog/dubai-2025-the-real-estate-boom-shows-no-signs-of-slowing,https://sweet-home-spaces.fra1.cdn.digitaloceanspaces.com/blog/dubai-2025-the-real-estate-boom-shows-no-signs-of-slowing/inline/1762261962139-dubai_transactions_2025.png,06 Jan 2026 (19:05 UTC)
https://sweet-home.co.il/blog/dubai-2025-the-real-estate-boom-shows-no-signs-of-slowing,https://sweet-home-spaces.fra1.cdn.digitaloceanspaces.com/blog/dubai-2025-the-real-estate-boom-shows-no-signs-of-slowing/inline/1762261972008-dubai_prime_community_growth.png,06 Jan 2026 (19:05 UTC)
https://sweet-home.co.il/blog/dubai-2025-the-real-estate-boom-shows-no-signs-of-slowing,https://sweet-home-spaces.fra1.cdn.digitaloceanspaces.com/blog/dubai-2025-the-real-estate-boom-shows-no-signs-of-slowing/inline/1762261980499-dubai_cash_vs_mortgage.png,06 Jan 2026 (19:05 UTC)
https://sweet-home.co.il/blog/rental-yields-in-dubai-vs-major-european-cities-a-comparative-guide,https://sweet-home-spaces.fra1.cdn.digitaloceanspaces.com/blog/rental-yields-in-dubai-vs-major-european-cities-a-comparative-guide/inline/1761828134086-rental-yields-comparison.png,06 Jan 2026 (19:05 UTC)
https://sweet-home.co.il/blog/rental-yields-in-dubai-vs-major-european-cities-a-comparative-guide,https://sweet-home-spaces.fra1.cdn.digitaloceanspaces.com/blog/rental-yields-in-dubai-vs-major-european-cities-a-comparative-guide/inline/1761828339852-dubai-city-image.jpg,06 Jan 2026 (19:05 UTC)
