Page URL,Broken Link URL,HTTP Code,Discovered
https://sweet-home.co.il/properties?country=Cyprus&page=2,https://sweet-home.co.il/careers,404,02 Jan 2026 (14:22 UTC)
https://sweet-home.co.il/projects?page=4,https://sweet-home.co.il/admin/dashboard/team,404,02 Jan 2026 (14:22 UTC)
https://sweet-home.co.il/projects?page=4,https://sweet-home.co.il/careers,404,02 Jan 2026 (14:22 UTC)
https://sweet-home.co.il/properties/2-room-apartment-am-winterfeldt-by-dandh,https://sweet-home.co.il/admin/dashboard/team,404,02 Jan 2026 (14:22 UTC)
https://sweet-home.co.il/properties/2-room-apartment-am-winterfeldt-by-dandh,https://sweet-home.co.il/careers,404,02 Jan 2026 (14:22 UTC)
https://sweet-home.co.il/properties?page=11,https://sweet-home.co.il/admin/dashboard/team,404,02 Jan 2026 (14:22 UTC)
https://sweet-home.co.il/properties?page=11,https://sweet-home.co.il/careers,404,02 Jan 2026 (14:22 UTC)
https://sweet-home.co.il/projects/the-franz-by-d-h,https://sweet-home.co.il/admin/dashboard/team,404,02 Jan 2026 (14:22 UTC)
https://sweet-home.co.il/projects/the-franz-by-d-h,https://sweet-home.co.il/careers,404,02 Jan 2026 (14:22 UTC)
https://sweet-home.co.il/projects?page=5,https://sweet-home.co.il/admin/dashboard/team,404,02 Jan 2026 (14:22 UTC)
https://sweet-home.co.il/projects?page=5,https://sweet-home.co.il/careers,404,02 Jan 2026 (14:22 UTC)
https://sweet-home.co.il/properties?country=Cyprus&page=2,https://sweet-home.co.il/admin/dashboard/team,404,02 Jan 2026 (14:22 UTC)
https://sweet-home.co.il/blog/10-things-nobody-tells-you-about-living-in-berlin-until-youre-already-there,https://sweet-home.co.il/careers,404,02 Jan 2026 (14:22 UTC)
https://sweet-home.co.il/projects/am-winterfeldt,https://sweet-home.co.il/admin/dashboard/team,404,02 Jan 2026 (14:22 UTC)
https://sweet-home.co.il/projects/am-winterfeldt,https://sweet-home.co.il/careers,404,02 Jan 2026 (14:22 UTC)
https://sweet-home.co.il/properties?country=Germany&city=Berlin&page=7,https://sweet-home.co.il/admin/dashboard/team,404,02 Jan 2026 (14:22 UTC)
https://sweet-home.co.il/properties?country=Germany&city=Berlin&page=7,https://sweet-home.co.il/careers,404,02 Jan 2026 (14:22 UTC)
https://sweet-home.co.il/properties?country=UAE&city=Dubai,https://sweet-home.co.il/admin/dashboard/team,404,02 Jan 2026 (14:22 UTC)
https://sweet-home.co.il/properties?country=UAE&city=Dubai,https://sweet-home.co.il/careers,404,02 Jan 2026 (14:22 UTC)
https://sweet-home.co.il/properties?country=Germany&city=Berlin&page=3,https://sweet-home.co.il/admin/dashboard/team,404,02 Jan 2026 (14:22 UTC)
https://sweet-home.co.il/properties?country=Germany&city=Berlin&page=3,https://sweet-home.co.il/careers,404,02 Jan 2026 (14:22 UTC)
https://sweet-home.co.il/properties?page=1,https://sweet-home.co.il/admin/dashboard/team,404,02 Jan 2026 (14:22 UTC)
https://sweet-home.co.il/properties?page=1,https://sweet-home.co.il/careers,404,02 Jan 2026 (14:22 UTC)
https://sweet-home.co.il/properties/2-room-apartment-marshall-one-by-dandh,https://sweet-home.co.il/admin/dashboard/team,404,02 Jan 2026 (14:22 UTC)
https://sweet-home.co.il/properties,https://sweet-home.co.il/careers,404,02 Jan 2026 (14:22 UTC)
https://sweet-home.co.il/blog/berlin-the-city-where-waiting-lists-decide-your-life,https://sweet-home.co.il/admin/dashboard/team,404,02 Jan 2026 (14:22 UTC)
https://sweet-home.co.il/blog/berlin-the-city-where-waiting-lists-decide-your-life,https://sweet-home.co.il/careers,404,02 Jan 2026 (14:22 UTC)
https://sweet-home.co.il/blog/cyprus-2026-why-remote-workers-are-quietly-reshaping-the-islands-property-market,https://sweet-home.co.il/admin/dashboard/team,404,02 Jan 2026 (14:22 UTC)
https://sweet-home.co.il/blog/cyprus-2026-why-remote-workers-are-quietly-reshaping-the-islands-property-market,https://sweet-home.co.il/careers,404,02 Jan 2026 (14:22 UTC)
https://sweet-home.co.il/properties/studio-apartment-am-winterfeldt-by-dandh,https://sweet-home.co.il/admin/dashboard/team,404,02 Jan 2026 (14:22 UTC)
https://sweet-home.co.il/properties/studio-apartment-am-winterfeldt-by-dandh,https://sweet-home.co.il/careers,404,02 Jan 2026 (14:22 UTC)
https://sweet-home.co.il/properties/4-room-apartment-by-dandh-eckert-carre,https://sweet-home.co.il/admin/dashboard/team,404,02 Jan 2026 (14:22 UTC)
https://sweet-home.co.il/properties/4-room-apartment-by-dandh-eckert-carre,https://sweet-home.co.il/careers,404,02 Jan 2026 (14:22 UTC)
https://sweet-home.co.il/properties?page=4,https://sweet-home.co.il/admin/dashboard/team,404,02 Jan 2026 (14:22 UTC)
https://sweet-home.co.il/properties?page=4,https://sweet-home.co.il/careers,404,02 Jan 2026 (14:22 UTC)
https://sweet-home.co.il/blog?page=1,https://sweet-home.co.il/admin/dashboard/team,404,02 Jan 2026 (14:22 UTC)
https://sweet-home.co.il/properties/2-room-apartment-marshall-one-by-dandh,https://sweet-home.co.il/careers,404,02 Jan 2026 (14:22 UTC)
https://sweet-home.co.il/projects?page=3,https://sweet-home.co.il/admin/dashboard/team,404,02 Jan 2026 (14:22 UTC)
https://sweet-home.co.il/projects?page=3,https://sweet-home.co.il/careers,404,02 Jan 2026 (14:22 UTC)
https://sweet-home.co.il/properties/3-room-apartment-marshall-one-by-dandh,https://sweet-home.co.il/admin/dashboard/team,404,02 Jan 2026 (14:22 UTC)
https://sweet-home.co.il/properties/3-room-apartment-marshall-one-by-dandh,https://sweet-home.co.il/careers,404,02 Jan 2026 (14:22 UTC)
https://sweet-home.co.il/properties?page=12,https://sweet-home.co.il/admin/dashboard/team,404,02 Jan 2026 (14:22 UTC)
https://sweet-home.co.il/properties?page=12,https://sweet-home.co.il/careers,404,02 Jan 2026 (14:22 UTC)
https://sweet-home.co.il/about,https://sweet-home.co.il/admin/dashboard/team,404,02 Jan 2026 (14:22 UTC)
https://sweet-home.co.il/about,https://sweet-home.co.il/careers,404,02 Jan 2026 (14:22 UTC)
https://sweet-home.co.il/blog/10-things-nobody-tells-you-about-living-in-berlin-until-youre-already-there,https://sweet-home.co.il/admin/dashboard/team,404,02 Jan 2026 (14:22 UTC)
https://sweet-home.co.il/blog/living-and-investing-in-berlin-real-prices-real-costs-real-facts-2,https://sweet-home.co.il/careers,404,02 Jan 2026 (14:22 UTC)
https://sweet-home.co.il/projects?page=2,https://sweet-home.co.il/admin/dashboard/team,404,02 Jan 2026 (14:22 UTC)
https://sweet-home.co.il/projects?page=2,https://sweet-home.co.il/careers,404,02 Jan 2026 (14:22 UTC)
https://sweet-home.co.il/blog?page=3,https://sweet-home.co.il/admin/dashboard/team,404,02 Jan 2026 (14:22 UTC)
https://sweet-home.co.il/blog?page=3,https://sweet-home.co.il/careers,404,02 Jan 2026 (14:22 UTC)
https://sweet-home.co.il/blog,https://sweet-home.co.il/admin/dashboard/team,404,02 Jan 2026 (14:22 UTC)
https://sweet-home.co.il/blog,https://sweet-home.co.il/careers,404,02 Jan 2026 (14:22 UTC)
https://sweet-home.co.il/blog?page=2,https://sweet-home.co.il/admin/dashboard/team,404,02 Jan 2026 (14:22 UTC)
https://sweet-home.co.il/blog?page=2,https://sweet-home.co.il/careers,404,02 Jan 2026 (14:22 UTC)
https://sweet-home.co.il/properties/5-room-apartment-am-winterfeldt-by-dandh,https://sweet-home.co.il/admin/dashboard/team,404,02 Jan 2026 (14:22 UTC)
https://sweet-home.co.il/properties/5-room-apartment-am-winterfeldt-by-dandh,https://sweet-home.co.il/careers,404,02 Jan 2026 (14:22 UTC)
https://sweet-home.co.il/blog/living-and-investing-in-berlin-real-prices-real-costs-real-facts-2,https://sweet-home.co.il/admin/dashboard/team,404,02 Jan 2026 (14:22 UTC)
https://sweet-home.co.il/properties?country=Cyprus,https://sweet-home.co.il/careers,404,02 Jan 2026 (14:22 UTC)
https://sweet-home.co.il/projects,https://sweet-home.co.il/admin/dashboard/team,404,02 Jan 2026 (14:22 UTC)
https://sweet-home.co.il/projects,https://sweet-home.co.il/careers,404,02 Jan 2026 (14:22 UTC)
https://sweet-home.co.il/properties?page=2,https://sweet-home.co.il/admin/dashboard/team,404,02 Jan 2026 (14:22 UTC)
https://sweet-home.co.il/properties?page=2,https://sweet-home.co.il/careers,404,02 Jan 2026 (14:22 UTC)
https://sweet-home.co.il/blog/dubai-why-the-market-is-entering-its-decisive-buyer-era,https://sweet-home.co.il/admin/dashboard/team,404,02 Jan 2026 (14:22 UTC)
https://sweet-home.co.il/blog/dubai-why-the-market-is-entering-its-decisive-buyer-era,https://sweet-home.co.il/careers,404,02 Jan 2026 (14:22 UTC)
https://sweet-home.co.il/blog/real-estate-in-cyprus-why-buyers-commit-faster-here-than-in-most-of-europe,https://sweet-home.co.il/admin/dashboard/team,404,02 Jan 2026 (14:22 UTC)
https://sweet-home.co.il/blog/real-estate-in-cyprus-why-buyers-commit-faster-here-than-in-most-of-europe,https://sweet-home.co.il/careers,404,02 Jan 2026 (14:22 UTC)
https://sweet-home.co.il/projects?country=Germany&city=Berlin,https://sweet-home.co.il/admin/dashboard/team,404,02 Jan 2026 (14:22 UTC)
https://sweet-home.co.il/projects?country=Germany&city=Berlin,https://sweet-home.co.il/careers,404,02 Jan 2026 (14:22 UTC)
https://sweet-home.co.il/properties?country=Cyprus&page=3,https://sweet-home.co.il/admin/dashboard/team,404,02 Jan 2026 (14:22 UTC)
https://sweet-home.co.il/blog?page=1,https://sweet-home.co.il/careers,404,02 Jan 2026 (14:22 UTC)
https://sweet-home.co.il/terms,https://sweet-home.co.il/admin/dashboard/team,404,02 Jan 2026 (14:22 UTC)
https://sweet-home.co.il/terms,https://sweet-home.co.il/careers,404,02 Jan 2026 (14:22 UTC)
https://sweet-home.co.il/projects/marshall-one-by-d-h,https://sweet-home.co.il/admin/dashboard/team,404,02 Jan 2026 (14:22 UTC)
https://sweet-home.co.il/projects/marshall-one-by-d-h,https://sweet-home.co.il/careers,404,02 Jan 2026 (14:22 UTC)
https://sweet-home.co.il/properties?country=Cyprus&page=4,https://sweet-home.co.il/admin/dashboard/team,404,02 Jan 2026 (14:22 UTC)
https://sweet-home.co.il/properties?country=Cyprus&page=4,https://sweet-home.co.il/careers,404,02 Jan 2026 (14:22 UTC)
https://sweet-home.co.il/properties?country=Germany,https://sweet-home.co.il/admin/dashboard/team,404,02 Jan 2026 (14:22 UTC)
https://sweet-home.co.il/properties?country=Germany,https://sweet-home.co.il/careers,404,02 Jan 2026 (14:22 UTC)
https://sweet-home.co.il/properties/4-room-apartment-marshall-one-by-dandh,https://sweet-home.co.il/admin/dashboard/team,404,02 Jan 2026 (14:22 UTC)
https://sweet-home.co.il/properties/4-room-apartment-marshall-one-by-dandh,https://sweet-home.co.il/careers,404,02 Jan 2026 (14:22 UTC)
https://sweet-home.co.il/properties,https://sweet-home.co.il/admin/dashboard/team,404,02 Jan 2026 (14:22 UTC)
https://sweet-home.co.il/properties?country=Cyprus&page=3,https://sweet-home.co.il/careers,404,02 Jan 2026 (14:22 UTC)
https://sweet-home.co.il/properties?country=Cyprus&page=6,https://sweet-home.co.il/admin/dashboard/team,404,02 Jan 2026 (14:22 UTC)
https://sweet-home.co.il/properties?country=Cyprus&page=6,https://sweet-home.co.il/careers,404,02 Jan 2026 (14:22 UTC)
https://sweet-home.co.il/projects?country=Cyprus,https://sweet-home.co.il/admin/dashboard/team,404,02 Jan 2026 (14:22 UTC)
https://sweet-home.co.il/projects?country=Cyprus,https://sweet-home.co.il/careers,404,02 Jan 2026 (14:22 UTC)
https://sweet-home.co.il/projects?page=1,https://sweet-home.co.il/admin/dashboard/team,404,02 Jan 2026 (14:22 UTC)
https://sweet-home.co.il/projects?page=1,https://sweet-home.co.il/careers,404,02 Jan 2026 (14:22 UTC)
https://sweet-home.co.il/properties?country=Cyprus&page=1,https://sweet-home.co.il/admin/dashboard/team,404,02 Jan 2026 (14:22 UTC)
https://sweet-home.co.il/properties?country=Cyprus&page=1,https://sweet-home.co.il/careers,404,02 Jan 2026 (14:22 UTC)
https://sweet-home.co.il/properties?country=Cyprus,https://sweet-home.co.il/admin/dashboard/team,404,02 Jan 2026 (14:22 UTC)
https://sweet-home.co.il/blog/residency-in-cyprus-through-real-estate-costs-requirements-and-what-buyers-actually-invest,https://sweet-home.co.il/careers,404,02 Jan 2026 (14:22 UTC)
https://sweet-home.co.il/contact,https://sweet-home.co.il/admin/dashboard/team,404,02 Jan 2026 (14:22 UTC)
https://sweet-home.co.il/contact,https://sweet-home.co.il/careers,404,02 Jan 2026 (14:22 UTC)
https://sweet-home.co.il/blog/why-germany-remains-europes-most-reliable-real-estate-market,https://sweet-home.co.il/admin/dashboard/team,404,02 Jan 2026 (14:22 UTC)
https://sweet-home.co.il/blog/why-germany-remains-europes-most-reliable-real-estate-market,https://sweet-home.co.il/careers,404,02 Jan 2026 (14:22 UTC)
https://sweet-home.co.il/properties/1-room-apartment-the-franz-by-dandh,https://sweet-home.co.il/admin/dashboard/team,404,02 Jan 2026 (14:22 UTC)
https://sweet-home.co.il/properties/1-room-apartment-the-franz-by-dandh,https://sweet-home.co.il/careers,404,02 Jan 2026 (14:22 UTC)
https://sweet-home.co.il/blog/life-in-berlin-what-people-really-want-to-know-before-moving-to-germany,https://sweet-home.co.il/admin/dashboard/team,404,02 Jan 2026 (14:22 UTC)
https://sweet-home.co.il/blog/life-in-berlin-what-people-really-want-to-know-before-moving-to-germany,https://sweet-home.co.il/careers,404,02 Jan 2026 (14:22 UTC)
https://sweet-home.co.il/properties/3-room-apartment-the-franz-by-dandh,https://sweet-home.co.il/admin/dashboard/team,404,02 Jan 2026 (14:22 UTC)
https://sweet-home.co.il/properties/3-room-apartment-the-franz-by-dandh,https://sweet-home.co.il/careers,404,02 Jan 2026 (14:22 UTC)
https://sweet-home.co.il/blog/residency-in-cyprus-through-real-estate-costs-requirements-and-what-buyers-actually-invest,https://sweet-home.co.il/admin/dashboard/team,404,02 Jan 2026 (14:22 UTC)
https://sweet-home.co.il/properties?page=3,https://sweet-home.co.il/careers,404,02 Jan 2026 (14:22 UTC)
https://sweet-home.co.il/properties/5-room-apartment-marshall-one-by-dandh,https://sweet-home.co.il/admin/dashboard/team,404,02 Jan 2026 (14:22 UTC)
https://sweet-home.co.il/properties/5-room-apartment-marshall-one-by-dandh,https://sweet-home.co.il/careers,404,02 Jan 2026 (14:22 UTC)
https://sweet-home.co.il/projects/eckert-carre-by-d-h,https://sweet-home.co.il/admin/dashboard/team,404,02 Jan 2026 (14:22 UTC)
https://sweet-home.co.il/projects/eckert-carre-by-d-h,https://sweet-home.co.il/uploads/projects/1766397354864-eckert-brochure_v5.pdf,404,02 Jan 2026 (14:22 UTC)
https://sweet-home.co.il/projects/eckert-carre-by-d-h,https://sweet-home.co.il/careers,404,02 Jan 2026 (14:22 UTC)
https://sweet-home.co.il/blog/dubai-feels-like-the-worlds-most-functional-city,https://sweet-home.co.il/admin/dashboard/team,404,02 Jan 2026 (14:22 UTC)
https://sweet-home.co.il/blog/dubai-feels-like-the-worlds-most-functional-city,https://sweet-home.co.il/careers,404,02 Jan 2026 (14:22 UTC)
https://sweet-home.co.il/blog/why-cyprus-is-becoming-the-new-second-home-country-for-europeans-in-2026,https://sweet-home.co.il/admin/dashboard/team,404,02 Jan 2026 (14:22 UTC)
https://sweet-home.co.il/blog/why-cyprus-is-becoming-the-new-second-home-country-for-europeans-in-2026,https://sweet-home.co.il/careers,404,02 Jan 2026 (14:22 UTC)
https://sweet-home.co.il/properties/3-room-apartment-eckert-carre-by-dandh,https://sweet-home.co.il/admin/dashboard/team,404,02 Jan 2026 (14:22 UTC)
https://sweet-home.co.il/,https://sweet-home.co.il/admin/dashboard/team,404,02 Jan 2026 (14:22 UTC)
https://sweet-home.co.il/properties/2-room-apartment-by-dandh-marshall-one,https://sweet-home.co.il/careers,404,02 Jan 2026 (14:22 UTC)
https://sweet-home.co.il/properties/4-room-apartment-by-dandh-the-franz,https://sweet-home.co.il/admin/dashboard/team,404,02 Jan 2026 (14:22 UTC)
https://sweet-home.co.il/properties/4-room-apartment-by-dandh-the-franz,https://sweet-home.co.il/careers,404,02 Jan 2026 (14:22 UTC)
https://sweet-home.co.il/properties/4-room-apartment-the-franz-by-dandh,https://sweet-home.co.il/admin/dashboard/team,404,02 Jan 2026 (14:22 UTC)
https://sweet-home.co.il/properties/4-room-apartment-the-franz-by-dandh,https://sweet-home.co.il/careers,404,02 Jan 2026 (14:22 UTC)
https://sweet-home.co.il/properties/3-room-apartment-by-dandh-eckert-carre,https://sweet-home.co.il/admin/dashboard/team,404,02 Jan 2026 (14:22 UTC)
https://sweet-home.co.il/properties/3-room-apartment-by-dandh-eckert-carre,https://sweet-home.co.il/careers,404,02 Jan 2026 (14:22 UTC)
https://sweet-home.co.il/blog?page=4,https://sweet-home.co.il/admin/dashboard/team,404,02 Jan 2026 (14:22 UTC)
https://sweet-home.co.il/blog?page=4,https://sweet-home.co.il/careers,404,02 Jan 2026 (14:22 UTC)
https://sweet-home.co.il/properties/3-room-apartment-am-winterfeldt-by-dandh,https://sweet-home.co.il/admin/dashboard/team,404,02 Jan 2026 (14:22 UTC)
https://sweet-home.co.il/properties/3-room-apartment-am-winterfeldt-by-dandh,https://sweet-home.co.il/careers,404,02 Jan 2026 (14:22 UTC)
https://sweet-home.co.il/properties/3-room-apartment-eckert-carre-by-dandh,https://sweet-home.co.il/careers,404,02 Jan 2026 (14:22 UTC)
https://sweet-home.co.il/,https://sweet-home.co.il/careers,404,02 Jan 2026 (14:22 UTC)
https://sweet-home.co.il/auth/login,https://sweet-home.co.il/admin/dashboard/team,404,02 Jan 2026 (14:22 UTC)
https://sweet-home.co.il/auth/login,https://sweet-home.co.il/careers,404,02 Jan 2026 (14:22 UTC)
https://sweet-home.co.il/properties/4-room-apartment-eckert-carre-by-dandh,https://sweet-home.co.il/admin/dashboard/team,404,02 Jan 2026 (14:22 UTC)
https://sweet-home.co.il/properties/4-room-apartment-eckert-carre-by-dandh,https://sweet-home.co.il/careers,404,02 Jan 2026 (14:22 UTC)
https://sweet-home.co.il/blog/berlins-housing-demand-an-unmatched-opportunity-for-investors,https://sweet-home.co.il/admin/dashboard/team,404,02 Jan 2026 (14:22 UTC)
https://sweet-home.co.il/blog/berlins-housing-demand-an-unmatched-opportunity-for-investors,https://sweet-home.co.il/careers,404,02 Jan 2026 (14:22 UTC)
https://sweet-home.co.il/properties/4-room-apartment-am-winterfeldt-by-dandh,https://sweet-home.co.il/admin/dashboard/team,404,02 Jan 2026 (14:22 UTC)
https://sweet-home.co.il/properties/4-room-apartment-am-winterfeldt-by-dandh,https://sweet-home.co.il/careers,404,02 Jan 2026 (14:22 UTC)
https://sweet-home.co.il/properties?page=3,https://sweet-home.co.il/admin/dashboard/team,404,02 Jan 2026 (14:22 UTC)
https://sweet-home.co.il/properties/3-room-apartment-by-dandh-the-franz,https://sweet-home.co.il/careers,404,02 Jan 2026 (14:22 UTC)
https://sweet-home.co.il/properties?country=Cyprus&page=5,https://sweet-home.co.il/admin/dashboard/team,404,02 Jan 2026 (14:22 UTC)
https://sweet-home.co.il/properties?country=Cyprus&page=5,https://sweet-home.co.il/careers,404,02 Jan 2026 (14:22 UTC)
https://sweet-home.co.il/properties?page=13,https://sweet-home.co.il/admin/dashboard/team,404,02 Jan 2026 (14:22 UTC)
https://sweet-home.co.il/properties?page=13,https://sweet-home.co.il/careers,404,02 Jan 2026 (14:22 UTC)
https://sweet-home.co.il/blog/living-and-investing-in-berlin-real-prices-real-costs-real-facts,https://sweet-home.co.il/admin/dashboard/team,404,02 Jan 2026 (14:22 UTC)
https://sweet-home.co.il/blog/living-and-investing-in-berlin-real-prices-real-costs-real-facts,https://sweet-home.co.il/careers,404,02 Jan 2026 (14:22 UTC)
https://sweet-home.co.il/blog/why-so-many-europeans-are-quietly-choosing-cyprus-as-their-second-home,https://sweet-home.co.il/admin/dashboard/team,404,02 Jan 2026 (14:22 UTC)
https://sweet-home.co.il/blog/why-so-many-europeans-are-quietly-choosing-cyprus-as-their-second-home,https://sweet-home.co.il/careers,404,02 Jan 2026 (14:22 UTC)
https://sweet-home.co.il/blog/residency-in-europe-why-real-estate-is-the-simplest-entry-point,https://sweet-home.co.il/admin/dashboard/team,404,02 Jan 2026 (14:22 UTC)
https://sweet-home.co.il/blog/residency-in-europe-why-real-estate-is-the-simplest-entry-point,https://sweet-home.co.il/careers,404,02 Jan 2026 (14:22 UTC)
https://sweet-home.co.il/properties/3-room-apartment-by-dandh-the-franz,https://sweet-home.co.il/admin/dashboard/team,404,02 Jan 2026 (14:22 UTC)
https://sweet-home.co.il/services,https://sweet-home.co.il/careers,404,02 Jan 2026 (14:22 UTC)
https://sweet-home.co.il/blog/paphos-the-small-city-that-quietly-became-one-of-europes-most-interesting-property-markets,https://sweet-home.co.il/admin/dashboard/team,404,02 Jan 2026 (14:22 UTC)
https://sweet-home.co.il/blog/paphos-the-small-city-that-quietly-became-one-of-europes-most-interesting-property-markets,https://sweet-home.co.il/careers,404,02 Jan 2026 (14:22 UTC)
https://sweet-home.co.il/properties?country=Germany&city=Berlin,https://sweet-home.co.il/admin/dashboard/team,404,02 Jan 2026 (14:22 UTC)
https://sweet-home.co.il/properties?country=Germany&city=Berlin,https://sweet-home.co.il/careers,404,02 Jan 2026 (14:22 UTC)
https://sweet-home.co.il/projects?country=Germany,https://sweet-home.co.il/admin/dashboard/team,404,02 Jan 2026 (14:22 UTC)
https://sweet-home.co.il/projects?country=Germany,https://sweet-home.co.il/careers,404,02 Jan 2026 (14:22 UTC)
https://sweet-home.co.il/properties?page=5,https://sweet-home.co.il/admin/dashboard/team,404,02 Jan 2026 (14:22 UTC)
https://sweet-home.co.il/properties?page=5,https://sweet-home.co.il/careers,404,02 Jan 2026 (14:22 UTC)
https://sweet-home.co.il/blog/is-berlin-still-affordable-the-real-reason-prices-are-stabilizing,https://sweet-home.co.il/admin/dashboard/team,404,02 Jan 2026 (14:22 UTC)
https://sweet-home.co.il/blog/is-berlin-still-affordable-the-real-reason-prices-are-stabilizing,https://sweet-home.co.il/careers,404,02 Jan 2026 (14:22 UTC)
https://sweet-home.co.il/properties?country=Germany&city=Berlin&page=2,https://sweet-home.co.il/admin/dashboard/team,404,02 Jan 2026 (14:22 UTC)
https://sweet-home.co.il/blog/cyprus-is-becoming-a-strategic-investment-hub-for-global-buyers,https://sweet-home.co.il/admin/dashboard/team,404,02 Jan 2026 (14:22 UTC)
https://sweet-home.co.il/blog/cyprus-is-becoming-a-strategic-investment-hub-for-global-buyers,https://sweet-home.co.il/careers,404,02 Jan 2026 (14:22 UTC)
https://sweet-home.co.il/blog/the-market-shift-no-one-predicted-supply-is-up-demand-is-smarter,https://sweet-home.co.il/admin/dashboard/team,404,02 Jan 2026 (14:22 UTC)
https://sweet-home.co.il/blog/the-market-shift-no-one-predicted-supply-is-up-demand-is-smarter,https://sweet-home.co.il/careers,404,02 Jan 2026 (14:22 UTC)
https://sweet-home.co.il/privacy,https://sweet-home.co.il/admin/dashboard/team,404,02 Jan 2026 (14:22 UTC)
https://sweet-home.co.il/privacy,https://sweet-home.co.il/careers,404,02 Jan 2026 (14:22 UTC)
https://sweet-home.co.il/blog/how-berlin-became-europes-test-city-for-the-future-of-housing,https://sweet-home.co.il/admin/dashboard/team,404,02 Jan 2026 (14:22 UTC)
https://sweet-home.co.il/blog/how-berlin-became-europes-test-city-for-the-future-of-housing,https://sweet-home.co.il/careers,404,02 Jan 2026 (14:22 UTC)
https://sweet-home.co.il/blog/berlin-why-the-city-is-shifting-from-renting-culture-to-ownership-culture,https://sweet-home.co.il/admin/dashboard/team,404,02 Jan 2026 (14:22 UTC)
https://sweet-home.co.il/blog/berlin-why-the-city-is-shifting-from-renting-culture-to-ownership-culture,https://sweet-home.co.il/careers,404,02 Jan 2026 (14:22 UTC)
https://sweet-home.co.il/properties/2-room-apartment-by-dandh-marshall-one,https://sweet-home.co.il/admin/dashboard/team,404,02 Jan 2026 (14:22 UTC)
https://sweet-home.co.il/properties?country=Germany&city=Berlin&page=2,https://sweet-home.co.il/careers,404,02 Jan 2026 (14:22 UTC)
https://sweet-home.co.il/properties/2-room-apartment-eckert-carre-by-dandh,https://sweet-home.co.il/admin/dashboard/team,404,02 Jan 2026 (14:22 UTC)
https://sweet-home.co.il/properties/2-room-apartment-eckert-carre-by-dandh,https://sweet-home.co.il/careers,404,02 Jan 2026 (14:22 UTC)
https://sweet-home.co.il/projects?country=UAE&city=Dubai,https://sweet-home.co.il/admin/dashboard/team,404,02 Jan 2026 (14:22 UTC)
https://sweet-home.co.il/projects?country=UAE&city=Dubai,https://sweet-home.co.il/careers,404,02 Jan 2026 (14:22 UTC)
https://sweet-home.co.il/blog?page=5,https://sweet-home.co.il/admin/dashboard/team,404,02 Jan 2026 (14:22 UTC)
https://sweet-home.co.il/blog?page=5,https://sweet-home.co.il/careers,404,02 Jan 2026 (14:22 UTC)
https://sweet-home.co.il/owners,https://sweet-home.co.il/admin/dashboard/team,404,02 Jan 2026 (14:22 UTC)
https://sweet-home.co.il/owners,https://sweet-home.co.il/careers,404,02 Jan 2026 (14:22 UTC)
https://sweet-home.co.il/services,https://sweet-home.co.il/admin/dashboard/team,404,02 Jan 2026 (14:22 UTC)
