Page URL,Page Title,Discovered
https://sweet-home.co.il/projects?country=Cyprus&page=4,Development Projects | Sweet Home,08 Feb 2026 (02:48 UTC)
https://sweet-home.co.il/projects?page=3,Development Projects | Sweet Home,08 Feb 2026 (02:48 UTC)
https://sweet-home.co.il/projects?page=2,Development Projects | Sweet Home,08 Feb 2026 (02:48 UTC)
https://sweet-home.co.il/projects?country=Cyprus&page=3,Development Projects | Sweet Home,08 Feb 2026 (02:48 UTC)
https://sweet-home.co.il/projects?page=5,Development Projects | Sweet Home,08 Feb 2026 (02:48 UTC)
https://sweet-home.co.il/projects?country=Cyprus&page=2,Development Projects | Sweet Home,08 Feb 2026 (02:48 UTC)
https://sweet-home.co.il/projects?page=4,Development Projects | Sweet Home,08 Feb 2026 (02:48 UTC)
https://sweet-home.co.il/projects?page=1,Development Projects | Sweet Home,08 Feb 2026 (02:48 UTC)
https://sweet-home.co.il/projects,Development Projects | Sweet Home,08 Feb 2026 (02:48 UTC)
https://sweet-home.co.il/projects?country=Germany&city=Berlin,Development Projects | Sweet Home,08 Feb 2026 (02:48 UTC)
https://sweet-home.co.il/projects?country=UAE,Development Projects | Sweet Home,08 Feb 2026 (02:48 UTC)
https://sweet-home.co.il/projects?country=Cyprus,Development Projects | Sweet Home,08 Feb 2026 (02:48 UTC)
https://sweet-home.co.il/projects?country=UAE&city=Dubai,Development Projects | Sweet Home,08 Feb 2026 (02:48 UTC)
https://sweet-home.co.il/blog?page=3,Blog | Sweet Home,08 Feb 2026 (02:48 UTC)
https://sweet-home.co.il/blog?page=2,Blog | Sweet Home,08 Feb 2026 (02:48 UTC)
https://sweet-home.co.il/blog?page=5,Blog | Sweet Home,08 Feb 2026 (02:48 UTC)
https://sweet-home.co.il/blog?page=4,Blog | Sweet Home,08 Feb 2026 (02:48 UTC)
https://sweet-home.co.il/blog?page=7,Blog | Sweet Home,08 Feb 2026 (02:48 UTC)
https://sweet-home.co.il/blog?page=6,Blog | Sweet Home,08 Feb 2026 (02:48 UTC)
https://sweet-home.co.il/blog,Blog | Sweet Home,08 Feb 2026 (02:48 UTC)
https://sweet-home.co.il/blog?page=8,Blog | Sweet Home,08 Feb 2026 (02:48 UTC)
