Page URL with Redirect Link,Initial Redirect URL,Final Destination URL,Status code,Discovered
https://sweet-home.co.il/,https://sweet-home.co.il/lang/de,https://sweet-home.co.il/,301,06 Feb 2026 (16:54 UTC)
https://sweet-home.co.il/,https://sweet-home.co.il/lang/es,https://sweet-home.co.il/,301,06 Feb 2026 (16:54 UTC)
https://sweet-home.co.il/,https://sweet-home.co.il/lang/en,https://sweet-home.co.il/,301,06 Feb 2026 (16:54 UTC)
https://sweet-home.co.il/about,https://sweet-home.co.il/lang/en,https://sweet-home.co.il/,301,06 Feb 2026 (16:54 UTC)
https://sweet-home.co.il/about,https://sweet-home.co.il/lang/de,https://sweet-home.co.il/,301,06 Feb 2026 (16:54 UTC)
https://sweet-home.co.il/about,https://sweet-home.co.il/lang/es,https://sweet-home.co.il/,301,06 Feb 2026 (16:54 UTC)
https://sweet-home.co.il/auth/forgot,https://sweet-home.co.il/lang/es,https://sweet-home.co.il/,301,06 Feb 2026 (16:54 UTC)
https://sweet-home.co.il/auth/forgot,https://sweet-home.co.il/lang/de,https://sweet-home.co.il/,301,06 Feb 2026 (16:54 UTC)
https://sweet-home.co.il/auth/forgot,https://sweet-home.co.il/lang/en,https://sweet-home.co.il/,301,06 Feb 2026 (16:54 UTC)
https://sweet-home.co.il/auth/login,https://sweet-home.co.il/lang/de,https://sweet-home.co.il/,301,06 Feb 2026 (16:54 UTC)
https://sweet-home.co.il/auth/login,https://sweet-home.co.il/lang/es,https://sweet-home.co.il/,301,06 Feb 2026 (16:54 UTC)
https://sweet-home.co.il/auth/login,https://sweet-home.co.il/lang/en,https://sweet-home.co.il/,301,06 Feb 2026 (16:54 UTC)
https://sweet-home.co.il/auth/register,https://sweet-home.co.il/lang/en,https://sweet-home.co.il/,301,06 Feb 2026 (16:54 UTC)
https://sweet-home.co.il/auth/register,https://sweet-home.co.il/lang/de,https://sweet-home.co.il/,301,06 Feb 2026 (16:54 UTC)
https://sweet-home.co.il/auth/register,https://sweet-home.co.il/lang/es,https://sweet-home.co.il/,301,06 Feb 2026 (16:54 UTC)
https://sweet-home.co.il/blog,https://sweet-home.co.il/lang/es,https://sweet-home.co.il/,301,06 Feb 2026 (16:54 UTC)
https://sweet-home.co.il/blog,https://sweet-home.co.il/lang/de,https://sweet-home.co.il/,301,06 Feb 2026 (16:54 UTC)
https://sweet-home.co.il/blog,https://sweet-home.co.il/lang/en,https://sweet-home.co.il/,301,06 Feb 2026 (16:54 UTC)
https://sweet-home.co.il/blog/10-things-nobody-tells-you-about-living-in-berlin-until-youre-already-there,https://sweet-home.co.il/lang/es,https://sweet-home.co.il/,301,06 Feb 2026 (16:54 UTC)
https://sweet-home.co.il/blog/10-things-nobody-tells-you-about-living-in-berlin-until-youre-already-there,https://sweet-home.co.il/lang/en,https://sweet-home.co.il/,301,06 Feb 2026 (16:54 UTC)
https://sweet-home.co.il/blog/10-things-nobody-tells-you-about-living-in-berlin-until-youre-already-there,https://sweet-home.co.il/lang/de,https://sweet-home.co.il/,301,06 Feb 2026 (16:54 UTC)
https://sweet-home.co.il/blog/berlin-real-estate-in-2026-buyers-are-quietly-coming-back,https://sweet-home.co.il/lang/de,https://sweet-home.co.il/,301,06 Feb 2026 (16:54 UTC)
https://sweet-home.co.il/blog/berlin-real-estate-in-2026-buyers-are-quietly-coming-back,https://sweet-home.co.il/lang/es,https://sweet-home.co.il/,301,06 Feb 2026 (16:54 UTC)
https://sweet-home.co.il/blog/berlin-real-estate-in-2026-buyers-are-quietly-coming-back,https://sweet-home.co.il/lang/en,https://sweet-home.co.il/,301,06 Feb 2026 (16:54 UTC)
https://sweet-home.co.il/blog/berlin-rental-market-2025-rents-are-rising-fast-and-investors-are-taking-notice,https://sweet-home.co.il/lang/de,https://sweet-home.co.il/,301,06 Feb 2026 (16:54 UTC)
https://sweet-home.co.il/blog/berlin-rental-market-2025-rents-are-rising-fast-and-investors-are-taking-notice,https://sweet-home.co.il/lang/en,https://sweet-home.co.il/,301,06 Feb 2026 (16:54 UTC)
https://sweet-home.co.il/blog/berlin-rental-market-2025-rents-are-rising-fast-and-investors-are-taking-notice,https://sweet-home.co.il/lang/es,https://sweet-home.co.il/,301,06 Feb 2026 (16:54 UTC)
https://sweet-home.co.il/blog/berlin-the-capital-of-micro-neighborhoods-and-long-term-demand,https://sweet-home.co.il/lang/de,https://sweet-home.co.il/,301,06 Feb 2026 (16:54 UTC)
https://sweet-home.co.il/blog/berlin-the-capital-of-micro-neighborhoods-and-long-term-demand,https://sweet-home.co.il/lang/es,https://sweet-home.co.il/,301,06 Feb 2026 (16:54 UTC)
https://sweet-home.co.il/blog/berlin-the-capital-of-micro-neighborhoods-and-long-term-demand,https://sweet-home.co.il/lang/en,https://sweet-home.co.il/,301,06 Feb 2026 (16:54 UTC)
https://sweet-home.co.il/blog/berlin-the-kiez-effect-and-why-one-street-can-change-everything,https://sweet-home.co.il/lang/es,https://sweet-home.co.il/,301,06 Feb 2026 (16:54 UTC)
https://sweet-home.co.il/blog/berlin-the-kiez-effect-and-why-one-street-can-change-everything,https://sweet-home.co.il/lang/de,https://sweet-home.co.il/,301,06 Feb 2026 (16:54 UTC)
https://sweet-home.co.il/blog/berlin-the-kiez-effect-and-why-one-street-can-change-everything,https://sweet-home.co.il/lang/en,https://sweet-home.co.il/,301,06 Feb 2026 (16:54 UTC)
https://sweet-home.co.il/blog/berlins-housing-demand-an-unmatched-opportunity-for-investors,https://sweet-home.co.il/lang/en,https://sweet-home.co.il/,301,06 Feb 2026 (16:54 UTC)
https://sweet-home.co.il/blog/berlins-housing-demand-an-unmatched-opportunity-for-investors,https://sweet-home.co.il/lang/es,https://sweet-home.co.il/,301,06 Feb 2026 (16:54 UTC)
https://sweet-home.co.il/blog/berlins-housing-demand-an-unmatched-opportunity-for-investors,https://sweet-home.co.il/lang/de,https://sweet-home.co.il/,301,06 Feb 2026 (16:54 UTC)
https://sweet-home.co.il/blog/berlins-vacancy-rate-is-practically-zero-and-thats-a-big-opportunity-for-investors,https://sweet-home.co.il/lang/en,https://sweet-home.co.il/,301,06 Feb 2026 (16:54 UTC)
https://sweet-home.co.il/blog/berlins-vacancy-rate-is-practically-zero-and-thats-a-big-opportunity-for-investors,https://sweet-home.co.il/lang/de,https://sweet-home.co.il/,301,06 Feb 2026 (16:54 UTC)
https://sweet-home.co.il/blog/berlins-vacancy-rate-is-practically-zero-and-thats-a-big-opportunity-for-investors,https://sweet-home.co.il/lang/es,https://sweet-home.co.il/,301,06 Feb 2026 (16:54 UTC)
https://sweet-home.co.il/blog/buy-or-rent-in-berlin-in-2025-a-clear-guide-for-long-term-thinkers,https://sweet-home.co.il/lang/de,https://sweet-home.co.il/,301,06 Feb 2026 (16:54 UTC)
https://sweet-home.co.il/blog/buy-or-rent-in-berlin-in-2025-a-clear-guide-for-long-term-thinkers,https://sweet-home.co.il/lang/es,https://sweet-home.co.il/,301,06 Feb 2026 (16:54 UTC)
https://sweet-home.co.il/blog/buy-or-rent-in-berlin-in-2025-a-clear-guide-for-long-term-thinkers,https://sweet-home.co.il/lang/en,https://sweet-home.co.il/,301,06 Feb 2026 (16:54 UTC)
https://sweet-home.co.il/blog/buyers-choose-dubai-when-they-want-property-to-perform,https://sweet-home.co.il/lang/en,https://sweet-home.co.il/,301,06 Feb 2026 (16:54 UTC)
https://sweet-home.co.il/blog/buyers-choose-dubai-when-they-want-property-to-perform,https://sweet-home.co.il/lang/es,https://sweet-home.co.il/,301,06 Feb 2026 (16:54 UTC)
https://sweet-home.co.il/blog/buyers-choose-dubai-when-they-want-property-to-perform,https://sweet-home.co.il/lang/de,https://sweet-home.co.il/,301,06 Feb 2026 (16:54 UTC)
https://sweet-home.co.il/blog/buyers-who-want-a-second-home-actually-end-up-buying-in-paphos,https://sweet-home.co.il/lang/en,https://sweet-home.co.il/,301,06 Feb 2026 (16:54 UTC)
https://sweet-home.co.il/blog/buyers-who-want-a-second-home-actually-end-up-buying-in-paphos,https://sweet-home.co.il/lang/es,https://sweet-home.co.il/,301,06 Feb 2026 (16:54 UTC)
https://sweet-home.co.il/blog/buyers-who-want-a-second-home-actually-end-up-buying-in-paphos,https://sweet-home.co.il/lang/de,https://sweet-home.co.il/,301,06 Feb 2026 (16:54 UTC)
https://sweet-home.co.il/blog/buying-property-in-cyprus-in-2026-the-real-answers-to-is-it-worth-it,https://sweet-home.co.il/lang/de,https://sweet-home.co.il/,301,06 Feb 2026 (16:54 UTC)
https://sweet-home.co.il/blog/buying-property-in-cyprus-in-2026-the-real-answers-to-is-it-worth-it,https://sweet-home.co.il/lang/es,https://sweet-home.co.il/,301,06 Feb 2026 (16:54 UTC)
https://sweet-home.co.il/blog/buying-property-in-cyprus-in-2026-the-real-answers-to-is-it-worth-it,https://sweet-home.co.il/lang/en,https://sweet-home.co.il/,301,06 Feb 2026 (16:54 UTC)
https://sweet-home.co.il/blog/cyprus-property-the-rare-market-where-the-numbers-dont-change-after-you-decide-to-buy,https://sweet-home.co.il/lang/en,https://sweet-home.co.il/,301,06 Feb 2026 (16:54 UTC)
https://sweet-home.co.il/blog/cyprus-property-the-rare-market-where-the-numbers-dont-change-after-you-decide-to-buy,https://sweet-home.co.il/lang/de,https://sweet-home.co.il/,301,06 Feb 2026 (16:54 UTC)
https://sweet-home.co.il/blog/cyprus-property-the-rare-market-where-the-numbers-dont-change-after-you-decide-to-buy,https://sweet-home.co.il/lang/es,https://sweet-home.co.il/,301,06 Feb 2026 (16:54 UTC)
https://sweet-home.co.il/blog/cyprus-the-hybrid-home-strategy,https://sweet-home.co.il/lang/en,https://sweet-home.co.il/,301,06 Feb 2026 (16:54 UTC)
https://sweet-home.co.il/blog/cyprus-the-hybrid-home-strategy,https://sweet-home.co.il/lang/de,https://sweet-home.co.il/,301,06 Feb 2026 (16:54 UTC)
https://sweet-home.co.il/blog/cyprus-the-hybrid-home-strategy,https://sweet-home.co.il/lang/es,https://sweet-home.co.il/,301,06 Feb 2026 (16:54 UTC)
https://sweet-home.co.il/blog/cypruss-fastest-moving-city-and-the-islands-business-heart,https://sweet-home.co.il/lang/es,https://sweet-home.co.il/,301,06 Feb 2026 (16:54 UTC)
https://sweet-home.co.il/blog/cypruss-fastest-moving-city-and-the-islands-business-heart,https://sweet-home.co.il/lang/de,https://sweet-home.co.il/,301,06 Feb 2026 (16:54 UTC)
https://sweet-home.co.il/blog/cypruss-fastest-moving-city-and-the-islands-business-heart,https://sweet-home.co.il/lang/en,https://sweet-home.co.il/,301,06 Feb 2026 (16:54 UTC)
https://sweet-home.co.il/blog/dubai-2025-the-real-estate-boom-shows-no-signs-of-slowing,https://sweet-home.co.il/lang/de,https://sweet-home.co.il/,301,06 Feb 2026 (16:54 UTC)
https://sweet-home.co.il/blog/dubai-2025-the-real-estate-boom-shows-no-signs-of-slowing,https://sweet-home.co.il/lang/es,https://sweet-home.co.il/,301,06 Feb 2026 (16:54 UTC)
https://sweet-home.co.il/blog/dubai-2025-the-real-estate-boom-shows-no-signs-of-slowing,https://sweet-home.co.il/lang/en,https://sweet-home.co.il/,301,06 Feb 2026 (16:54 UTC)
https://sweet-home.co.il/blog/dubai-feels-like-the-worlds-most-functional-city,https://sweet-home.co.il/lang/es,https://sweet-home.co.il/,301,06 Feb 2026 (16:54 UTC)
https://sweet-home.co.il/blog/dubai-feels-like-the-worlds-most-functional-city,https://sweet-home.co.il/lang/en,https://sweet-home.co.il/,301,06 Feb 2026 (16:54 UTC)
https://sweet-home.co.il/blog/dubai-feels-like-the-worlds-most-functional-city,https://sweet-home.co.il/lang/de,https://sweet-home.co.il/,301,06 Feb 2026 (16:54 UTC)
https://sweet-home.co.il/blog/dubai-rentals-in-2026-what-tenants-actually-pay-for-and-what-they-ignore,https://sweet-home.co.il/lang/es,https://sweet-home.co.il/,301,06 Feb 2026 (16:54 UTC)
https://sweet-home.co.il/blog/dubai-rentals-in-2026-what-tenants-actually-pay-for-and-what-they-ignore,https://sweet-home.co.il/lang/de,https://sweet-home.co.il/,301,06 Feb 2026 (16:54 UTC)
https://sweet-home.co.il/blog/dubai-rentals-in-2026-what-tenants-actually-pay-for-and-what-they-ignore,https://sweet-home.co.il/lang/en,https://sweet-home.co.il/,301,06 Feb 2026 (16:54 UTC)
https://sweet-home.co.il/blog/dubai-the-city-that-turned-infrastructure-into-lifestyle,https://sweet-home.co.il/lang/de,https://sweet-home.co.il/,301,06 Feb 2026 (16:54 UTC)
https://sweet-home.co.il/blog/dubai-the-city-that-turned-infrastructure-into-lifestyle,https://sweet-home.co.il/lang/es,https://sweet-home.co.il/,301,06 Feb 2026 (16:54 UTC)
https://sweet-home.co.il/blog/dubai-the-city-that-turned-infrastructure-into-lifestyle,https://sweet-home.co.il/lang/en,https://sweet-home.co.il/,301,06 Feb 2026 (16:54 UTC)
https://sweet-home.co.il/blog/dubai-why-service-charges-quietly-decide-your-real-return,https://sweet-home.co.il/lang/en,https://sweet-home.co.il/,301,06 Feb 2026 (16:54 UTC)
https://sweet-home.co.il/blog/dubai-why-service-charges-quietly-decide-your-real-return,https://sweet-home.co.il/lang/de,https://sweet-home.co.il/,301,06 Feb 2026 (16:54 UTC)
https://sweet-home.co.il/blog/dubai-why-service-charges-quietly-decide-your-real-return,https://sweet-home.co.il/lang/es,https://sweet-home.co.il/,301,06 Feb 2026 (16:54 UTC)
https://sweet-home.co.il/blog/holiday-properties-in-cyprus-why-theyre-outperforming-traditional-segments-in-2025,https://sweet-home.co.il/lang/en,https://sweet-home.co.il/,301,06 Feb 2026 (16:54 UTC)
https://sweet-home.co.il/blog/holiday-properties-in-cyprus-why-theyre-outperforming-traditional-segments-in-2025,https://sweet-home.co.il/lang/es,https://sweet-home.co.il/,301,06 Feb 2026 (16:54 UTC)
https://sweet-home.co.il/blog/holiday-properties-in-cyprus-why-theyre-outperforming-traditional-segments-in-2025,https://sweet-home.co.il/lang/de,https://sweet-home.co.il/,301,06 Feb 2026 (16:54 UTC)
https://sweet-home.co.il/blog/how-berlin-became-europes-test-city-for-the-future-of-housing,https://sweet-home.co.il/lang/de,https://sweet-home.co.il/,301,06 Feb 2026 (16:54 UTC)
https://sweet-home.co.il/blog/how-berlin-became-europes-test-city-for-the-future-of-housing,https://sweet-home.co.il/lang/es,https://sweet-home.co.il/,301,06 Feb 2026 (16:54 UTC)
https://sweet-home.co.il/blog/how-berlin-became-europes-test-city-for-the-future-of-housing,https://sweet-home.co.il/lang/en,https://sweet-home.co.il/,301,06 Feb 2026 (16:54 UTC)
https://sweet-home.co.il/blog/how-berlin-compares-to-global-capitals-paris-london-zurich-tokyo,https://sweet-home.co.il/lang/en,https://sweet-home.co.il/,301,06 Feb 2026 (16:54 UTC)
https://sweet-home.co.il/blog/how-berlin-compares-to-global-capitals-paris-london-zurich-tokyo,https://sweet-home.co.il/lang/es,https://sweet-home.co.il/,301,06 Feb 2026 (16:54 UTC)
https://sweet-home.co.il/blog/how-berlin-compares-to-global-capitals-paris-london-zurich-tokyo,https://sweet-home.co.il/lang/de,https://sweet-home.co.il/,301,06 Feb 2026 (16:54 UTC)
https://sweet-home.co.il/blog/how-much-cash-do-i-really-need-to-buy-property-in-germany,https://sweet-home.co.il/lang/de,https://sweet-home.co.il/,301,06 Feb 2026 (16:54 UTC)
https://sweet-home.co.il/blog/how-much-cash-do-i-really-need-to-buy-property-in-germany,https://sweet-home.co.il/lang/es,https://sweet-home.co.il/,301,06 Feb 2026 (16:54 UTC)
https://sweet-home.co.il/blog/how-much-cash-do-i-really-need-to-buy-property-in-germany,https://sweet-home.co.il/lang/en,https://sweet-home.co.il/,301,06 Feb 2026 (16:54 UTC)
https://sweet-home.co.il/blog/is-berlin-still-affordable-the-real-reason-prices-are-stabilizing,https://sweet-home.co.il/lang/de,https://sweet-home.co.il/,301,06 Feb 2026 (16:54 UTC)
https://sweet-home.co.il/blog/is-berlin-still-affordable-the-real-reason-prices-are-stabilizing,https://sweet-home.co.il/lang/es,https://sweet-home.co.il/,301,06 Feb 2026 (16:54 UTC)
https://sweet-home.co.il/blog/is-berlin-still-affordable-the-real-reason-prices-are-stabilizing,https://sweet-home.co.il/lang/en,https://sweet-home.co.il/,301,06 Feb 2026 (16:54 UTC)
https://sweet-home.co.il/blog/is-dubai-still-a-good-property-investment-in-2026,https://sweet-home.co.il/lang/en,https://sweet-home.co.il/,301,06 Feb 2026 (16:54 UTC)
https://sweet-home.co.il/blog/is-dubai-still-a-good-property-investment-in-2026,https://sweet-home.co.il/lang/es,https://sweet-home.co.il/,301,06 Feb 2026 (16:54 UTC)
https://sweet-home.co.il/blog/is-dubai-still-a-good-property-investment-in-2026,https://sweet-home.co.il/lang/de,https://sweet-home.co.il/,301,06 Feb 2026 (16:54 UTC)
https://sweet-home.co.il/blog/paphos-is-becoming-the-mediterraneans-new-lifestyle-capital-in-2026,https://sweet-home.co.il/lang/de,https://sweet-home.co.il/,301,06 Feb 2026 (16:54 UTC)
https://sweet-home.co.il/blog/paphos-is-becoming-the-mediterraneans-new-lifestyle-capital-in-2026,https://sweet-home.co.il/lang/es,https://sweet-home.co.il/,301,06 Feb 2026 (16:54 UTC)
https://sweet-home.co.il/blog/paphos-is-becoming-the-mediterraneans-new-lifestyle-capital-in-2026,https://sweet-home.co.il/lang/en,https://sweet-home.co.il/,301,06 Feb 2026 (16:54 UTC)
https://sweet-home.co.il/blog/paphos-where-cyprus-feels-timeless-not-touristic,https://sweet-home.co.il/lang/en,https://sweet-home.co.il/,301,06 Feb 2026 (16:54 UTC)
https://sweet-home.co.il/blog/paphos-where-cyprus-feels-timeless-not-touristic,https://sweet-home.co.il/lang/es,https://sweet-home.co.il/,301,06 Feb 2026 (16:54 UTC)
https://sweet-home.co.il/blog/paphos-where-cyprus-feels-timeless-not-touristic,https://sweet-home.co.il/lang/de,https://sweet-home.co.il/,301,06 Feb 2026 (16:54 UTC)
https://sweet-home.co.il/blog/rental-yields-in-dubai-vs-major-european-cities-a-comparative-guide,https://sweet-home.co.il/lang/en,https://sweet-home.co.il/,301,06 Feb 2026 (16:54 UTC)
https://sweet-home.co.il/blog/rental-yields-in-dubai-vs-major-european-cities-a-comparative-guide,https://sweet-home.co.il/lang/es,https://sweet-home.co.il/,301,06 Feb 2026 (16:54 UTC)
https://sweet-home.co.il/blog/rental-yields-in-dubai-vs-major-european-cities-a-comparative-guide,https://sweet-home.co.il/lang/de,https://sweet-home.co.il/,301,06 Feb 2026 (16:54 UTC)
https://sweet-home.co.il/blog/the-exit-plan-rule-the-real-estate-principle-that-protects-every-buyer,https://sweet-home.co.il/lang/en,https://sweet-home.co.il/,301,06 Feb 2026 (16:54 UTC)
https://sweet-home.co.il/blog/the-exit-plan-rule-the-real-estate-principle-that-protects-every-buyer,https://sweet-home.co.il/lang/de,https://sweet-home.co.il/,301,06 Feb 2026 (16:54 UTC)
https://sweet-home.co.il/blog/the-exit-plan-rule-the-real-estate-principle-that-protects-every-buyer,https://sweet-home.co.il/lang/es,https://sweet-home.co.il/,301,06 Feb 2026 (16:54 UTC)
https://sweet-home.co.il/blog/the-hidden-cost-of-cheap-why-the-lowest-price-often-becomes-the-most-expensive-home,https://sweet-home.co.il/lang/es,https://sweet-home.co.il/,301,06 Feb 2026 (16:54 UTC)
https://sweet-home.co.il/blog/the-hidden-cost-of-cheap-why-the-lowest-price-often-becomes-the-most-expensive-home,https://sweet-home.co.il/lang/de,https://sweet-home.co.il/,301,06 Feb 2026 (16:54 UTC)
https://sweet-home.co.il/blog/the-hidden-cost-of-cheap-why-the-lowest-price-often-becomes-the-most-expensive-home,https://sweet-home.co.il/lang/en,https://sweet-home.co.il/,301,06 Feb 2026 (16:54 UTC)
https://sweet-home.co.il/blog/the-market-shift-no-one-predicted-supply-is-up-demand-is-smarter,https://sweet-home.co.il/lang/de,https://sweet-home.co.il/,301,06 Feb 2026 (16:54 UTC)
https://sweet-home.co.il/blog/the-market-shift-no-one-predicted-supply-is-up-demand-is-smarter,https://sweet-home.co.il/lang/es,https://sweet-home.co.il/,301,06 Feb 2026 (16:54 UTC)
https://sweet-home.co.il/blog/the-market-shift-no-one-predicted-supply-is-up-demand-is-smarter,https://sweet-home.co.il/lang/en,https://sweet-home.co.il/,301,06 Feb 2026 (16:54 UTC)
https://sweet-home.co.il/blog/what-people-only-realize-about-berlin-after-living-there-for-a-while,https://sweet-home.co.il/lang/de,https://sweet-home.co.il/,301,06 Feb 2026 (16:54 UTC)
https://sweet-home.co.il/blog/what-people-only-realize-about-berlin-after-living-there-for-a-while,https://sweet-home.co.il/lang/en,https://sweet-home.co.il/,301,06 Feb 2026 (16:54 UTC)
https://sweet-home.co.il/blog/what-people-only-realize-about-berlin-after-living-there-for-a-while,https://sweet-home.co.il/lang/es,https://sweet-home.co.il/,301,06 Feb 2026 (16:54 UTC)
https://sweet-home.co.il/blog/why-cyprus-is-becoming-the-new-second-home-country-for-europeans-in-2026,https://sweet-home.co.il/lang/en,https://sweet-home.co.il/,301,06 Feb 2026 (16:54 UTC)
https://sweet-home.co.il/blog/why-cyprus-is-becoming-the-new-second-home-country-for-europeans-in-2026,https://sweet-home.co.il/lang/es,https://sweet-home.co.il/,301,06 Feb 2026 (16:54 UTC)
https://sweet-home.co.il/blog/why-cyprus-is-becoming-the-new-second-home-country-for-europeans-in-2026,https://sweet-home.co.il/lang/de,https://sweet-home.co.il/,301,06 Feb 2026 (16:54 UTC)
https://sweet-home.co.il/blog/why-everyone-wants-dubai-in-2026-the-new-wave-of-property-buyers,https://sweet-home.co.il/lang/de,https://sweet-home.co.il/,301,06 Feb 2026 (16:54 UTC)
https://sweet-home.co.il/blog/why-everyone-wants-dubai-in-2026-the-new-wave-of-property-buyers,https://sweet-home.co.il/lang/en,https://sweet-home.co.il/,301,06 Feb 2026 (16:54 UTC)
https://sweet-home.co.il/blog/why-everyone-wants-dubai-in-2026-the-new-wave-of-property-buyers,https://sweet-home.co.il/lang/es,https://sweet-home.co.il/,301,06 Feb 2026 (16:54 UTC)
https://sweet-home.co.il/blog/why-so-many-europeans-are-quietly-choosing-cyprus-as-their-second-home,https://sweet-home.co.il/lang/de,https://sweet-home.co.il/,301,06 Feb 2026 (16:54 UTC)
https://sweet-home.co.il/blog/why-so-many-europeans-are-quietly-choosing-cyprus-as-their-second-home,https://sweet-home.co.il/lang/es,https://sweet-home.co.il/,301,06 Feb 2026 (16:54 UTC)
https://sweet-home.co.il/blog/why-so-many-europeans-are-quietly-choosing-cyprus-as-their-second-home,https://sweet-home.co.il/lang/en,https://sweet-home.co.il/,301,06 Feb 2026 (16:54 UTC)
https://sweet-home.co.il/blog?page=1,https://sweet-home.co.il/lang/es,https://sweet-home.co.il/,301,06 Feb 2026 (16:54 UTC)
https://sweet-home.co.il/blog?page=1,https://sweet-home.co.il/lang/de,https://sweet-home.co.il/,301,06 Feb 2026 (16:54 UTC)
https://sweet-home.co.il/blog?page=1,https://sweet-home.co.il/lang/en,https://sweet-home.co.il/,301,06 Feb 2026 (16:54 UTC)
https://sweet-home.co.il/blog?page=2,https://sweet-home.co.il/lang/es,https://sweet-home.co.il/,301,06 Feb 2026 (16:54 UTC)
https://sweet-home.co.il/blog?page=2,https://sweet-home.co.il/lang/en,https://sweet-home.co.il/,301,06 Feb 2026 (16:54 UTC)
https://sweet-home.co.il/blog?page=2,https://sweet-home.co.il/lang/de,https://sweet-home.co.il/,301,06 Feb 2026 (16:54 UTC)
https://sweet-home.co.il/blog?page=3,https://sweet-home.co.il/lang/de,https://sweet-home.co.il/,301,06 Feb 2026 (16:54 UTC)
https://sweet-home.co.il/blog?page=3,https://sweet-home.co.il/lang/es,https://sweet-home.co.il/,301,06 Feb 2026 (16:54 UTC)
https://sweet-home.co.il/blog?page=3,https://sweet-home.co.il/lang/en,https://sweet-home.co.il/,301,06 Feb 2026 (16:54 UTC)
https://sweet-home.co.il/blog?page=4,https://sweet-home.co.il/lang/de,https://sweet-home.co.il/,301,06 Feb 2026 (16:54 UTC)
https://sweet-home.co.il/blog?page=4,https://sweet-home.co.il/lang/es,https://sweet-home.co.il/,301,06 Feb 2026 (16:54 UTC)
https://sweet-home.co.il/blog?page=4,https://sweet-home.co.il/lang/en,https://sweet-home.co.il/,301,06 Feb 2026 (16:54 UTC)
https://sweet-home.co.il/blog?page=5,https://sweet-home.co.il/lang/es,https://sweet-home.co.il/,301,06 Feb 2026 (16:54 UTC)
https://sweet-home.co.il/blog?page=5,https://sweet-home.co.il/lang/en,https://sweet-home.co.il/,301,06 Feb 2026 (16:54 UTC)
https://sweet-home.co.il/blog?page=5,https://sweet-home.co.il/lang/de,https://sweet-home.co.il/,301,06 Feb 2026 (16:54 UTC)
https://sweet-home.co.il/blog?page=6,https://sweet-home.co.il/lang/en,https://sweet-home.co.il/,301,06 Feb 2026 (16:54 UTC)
https://sweet-home.co.il/blog?page=6,https://sweet-home.co.il/lang/es,https://sweet-home.co.il/,301,06 Feb 2026 (16:54 UTC)
https://sweet-home.co.il/blog?page=6,https://sweet-home.co.il/lang/de,https://sweet-home.co.il/,301,06 Feb 2026 (16:54 UTC)
https://sweet-home.co.il/blog?page=7,https://sweet-home.co.il/lang/en,https://sweet-home.co.il/,301,06 Feb 2026 (16:54 UTC)
https://sweet-home.co.il/blog?page=7,https://sweet-home.co.il/lang/es,https://sweet-home.co.il/,301,06 Feb 2026 (16:54 UTC)
https://sweet-home.co.il/blog?page=7,https://sweet-home.co.il/lang/de,https://sweet-home.co.il/,301,06 Feb 2026 (16:54 UTC)
https://sweet-home.co.il/blog?page=8,https://sweet-home.co.il/lang/es,https://sweet-home.co.il/,301,06 Feb 2026 (16:54 UTC)
https://sweet-home.co.il/blog?page=8,https://sweet-home.co.il/lang/de,https://sweet-home.co.il/,301,06 Feb 2026 (16:54 UTC)
https://sweet-home.co.il/blog?page=8,https://sweet-home.co.il/lang/en,https://sweet-home.co.il/,301,06 Feb 2026 (16:54 UTC)
https://sweet-home.co.il/contact,https://sweet-home.co.il/lang/de,https://sweet-home.co.il/,301,06 Feb 2026 (16:54 UTC)
https://sweet-home.co.il/contact,https://sweet-home.co.il/lang/es,https://sweet-home.co.il/,301,06 Feb 2026 (16:54 UTC)
https://sweet-home.co.il/contact,https://sweet-home.co.il/lang/en,https://sweet-home.co.il/,301,06 Feb 2026 (16:54 UTC)
https://sweet-home.co.il/owners,https://sweet-home.co.il/lang/en,https://sweet-home.co.il/,301,06 Feb 2026 (16:54 UTC)
https://sweet-home.co.il/owners,https://sweet-home.co.il/lang/es,https://sweet-home.co.il/,301,06 Feb 2026 (16:54 UTC)
https://sweet-home.co.il/owners,https://sweet-home.co.il/lang/de,https://sweet-home.co.il/,301,06 Feb 2026 (16:54 UTC)
https://sweet-home.co.il/privacy,https://sweet-home.co.il/lang/de,https://sweet-home.co.il/,301,06 Feb 2026 (16:54 UTC)
https://sweet-home.co.il/privacy,https://sweet-home.co.il/lang/es,https://sweet-home.co.il/,301,06 Feb 2026 (16:54 UTC)
https://sweet-home.co.il/privacy,https://sweet-home.co.il/lang/en,https://sweet-home.co.il/,301,06 Feb 2026 (16:54 UTC)
https://sweet-home.co.il/projects,https://sweet-home.co.il/lang/es,https://sweet-home.co.il/,301,06 Feb 2026 (16:54 UTC)
https://sweet-home.co.il/projects,https://sweet-home.co.il/lang/en,https://sweet-home.co.il/,301,06 Feb 2026 (16:54 UTC)
https://sweet-home.co.il/projects,https://sweet-home.co.il/lang/de,https://sweet-home.co.il/,301,06 Feb 2026 (16:54 UTC)
https://sweet-home.co.il/projects/azizi-arian,https://sweet-home.co.il/lang/en,https://sweet-home.co.il/,301,06 Feb 2026 (16:54 UTC)
https://sweet-home.co.il/projects/azizi-arian,https://sweet-home.co.il/lang/es,https://sweet-home.co.il/,301,06 Feb 2026 (16:54 UTC)
https://sweet-home.co.il/projects/azizi-arian,https://sweet-home.co.il/lang/de,https://sweet-home.co.il/,301,06 Feb 2026 (16:54 UTC)
https://sweet-home.co.il/projects/azizi-ruby,https://sweet-home.co.il/lang/es,https://sweet-home.co.il/,301,06 Feb 2026 (16:54 UTC)
https://sweet-home.co.il/projects/azizi-ruby,https://sweet-home.co.il/lang/de,https://sweet-home.co.il/,301,06 Feb 2026 (16:54 UTC)
https://sweet-home.co.il/projects/azizi-ruby,https://sweet-home.co.il/lang/en,https://sweet-home.co.il/,301,06 Feb 2026 (16:54 UTC)
https://sweet-home.co.il/projects/azizi-venice,https://sweet-home.co.il/lang/en,https://sweet-home.co.il/,301,06 Feb 2026 (16:54 UTC)
https://sweet-home.co.il/projects/azizi-venice,https://sweet-home.co.il/lang/de,https://sweet-home.co.il/,301,06 Feb 2026 (16:54 UTC)
https://sweet-home.co.il/projects/azizi-venice,https://sweet-home.co.il/lang/es,https://sweet-home.co.il/,301,06 Feb 2026 (16:54 UTC)
https://sweet-home.co.il/projects/burj-azizi,https://sweet-home.co.il/lang/en,https://sweet-home.co.il/,301,06 Feb 2026 (16:54 UTC)
https://sweet-home.co.il/projects/burj-azizi,https://sweet-home.co.il/lang/es,https://sweet-home.co.il/,301,06 Feb 2026 (16:54 UTC)
https://sweet-home.co.il/projects/burj-azizi,https://sweet-home.co.il/lang/de,https://sweet-home.co.il/,301,06 Feb 2026 (16:54 UTC)
https://sweet-home.co.il/projects/regions,https://sweet-home.co.il/lang/en,https://sweet-home.co.il/,301,06 Feb 2026 (16:54 UTC)
https://sweet-home.co.il/projects/regions,https://sweet-home.co.il/lang/de,https://sweet-home.co.il/,301,06 Feb 2026 (16:54 UTC)
https://sweet-home.co.il/projects/regions,https://sweet-home.co.il/lang/es,https://sweet-home.co.il/,301,06 Feb 2026 (16:54 UTC)
https://sweet-home.co.il/projects?country=Cyprus,https://sweet-home.co.il/lang/es,https://sweet-home.co.il/,301,06 Feb 2026 (16:54 UTC)
https://sweet-home.co.il/projects?country=Cyprus,https://sweet-home.co.il/lang/en,https://sweet-home.co.il/,301,06 Feb 2026 (16:54 UTC)
https://sweet-home.co.il/projects?country=Cyprus,https://sweet-home.co.il/lang/de,https://sweet-home.co.il/,301,06 Feb 2026 (16:54 UTC)
https://sweet-home.co.il/projects?country=Cyprus&page=2,https://sweet-home.co.il/lang/es,https://sweet-home.co.il/,301,06 Feb 2026 (16:54 UTC)
https://sweet-home.co.il/projects?country=Cyprus&page=2,https://sweet-home.co.il/lang/de,https://sweet-home.co.il/,301,06 Feb 2026 (16:54 UTC)
https://sweet-home.co.il/projects?country=Cyprus&page=2,https://sweet-home.co.il/lang/en,https://sweet-home.co.il/,301,06 Feb 2026 (16:54 UTC)
https://sweet-home.co.il/projects?country=Cyprus&page=3,https://sweet-home.co.il/lang/es,https://sweet-home.co.il/,301,06 Feb 2026 (16:54 UTC)
https://sweet-home.co.il/projects?country=Cyprus&page=3,https://sweet-home.co.il/lang/en,https://sweet-home.co.il/,301,06 Feb 2026 (16:54 UTC)
https://sweet-home.co.il/projects?country=Cyprus&page=3,https://sweet-home.co.il/lang/de,https://sweet-home.co.il/,301,06 Feb 2026 (16:54 UTC)
https://sweet-home.co.il/projects?country=Cyprus&page=4,https://sweet-home.co.il/lang/de,https://sweet-home.co.il/,301,06 Feb 2026 (16:54 UTC)
https://sweet-home.co.il/projects?country=Cyprus&page=4,https://sweet-home.co.il/lang/es,https://sweet-home.co.il/,301,06 Feb 2026 (16:54 UTC)
https://sweet-home.co.il/projects?country=Cyprus&page=4,https://sweet-home.co.il/lang/en,https://sweet-home.co.il/,301,06 Feb 2026 (16:54 UTC)
https://sweet-home.co.il/projects?country=Germany&city=Berlin,https://sweet-home.co.il/lang/es,https://sweet-home.co.il/,301,06 Feb 2026 (16:54 UTC)
https://sweet-home.co.il/projects?country=Germany&city=Berlin,https://sweet-home.co.il/lang/de,https://sweet-home.co.il/,301,06 Feb 2026 (16:54 UTC)
https://sweet-home.co.il/projects?country=Germany&city=Berlin,https://sweet-home.co.il/lang/en,https://sweet-home.co.il/,301,06 Feb 2026 (16:54 UTC)
https://sweet-home.co.il/projects?country=UAE,https://sweet-home.co.il/lang/en,https://sweet-home.co.il/,301,06 Feb 2026 (16:54 UTC)
https://sweet-home.co.il/projects?country=UAE,https://sweet-home.co.il/lang/es,https://sweet-home.co.il/,301,06 Feb 2026 (16:54 UTC)
https://sweet-home.co.il/projects?country=UAE,https://sweet-home.co.il/lang/de,https://sweet-home.co.il/,301,06 Feb 2026 (16:54 UTC)
https://sweet-home.co.il/projects?country=UAE&city=Dubai,https://sweet-home.co.il/lang/en,https://sweet-home.co.il/,301,06 Feb 2026 (16:54 UTC)
https://sweet-home.co.il/projects?country=UAE&city=Dubai,https://sweet-home.co.il/lang/es,https://sweet-home.co.il/,301,06 Feb 2026 (16:54 UTC)
https://sweet-home.co.il/projects?country=UAE&city=Dubai,https://sweet-home.co.il/lang/de,https://sweet-home.co.il/,301,06 Feb 2026 (16:54 UTC)
https://sweet-home.co.il/projects?page=1,https://sweet-home.co.il/lang/es,https://sweet-home.co.il/,301,06 Feb 2026 (16:54 UTC)
https://sweet-home.co.il/projects?page=1,https://sweet-home.co.il/lang/en,https://sweet-home.co.il/,301,06 Feb 2026 (16:54 UTC)
https://sweet-home.co.il/projects?page=1,https://sweet-home.co.il/lang/de,https://sweet-home.co.il/,301,06 Feb 2026 (16:54 UTC)
https://sweet-home.co.il/projects?page=2,https://sweet-home.co.il/lang/en,https://sweet-home.co.il/,301,06 Feb 2026 (16:54 UTC)
https://sweet-home.co.il/projects?page=2,https://sweet-home.co.il/lang/de,https://sweet-home.co.il/,301,06 Feb 2026 (16:54 UTC)
https://sweet-home.co.il/projects?page=2,https://sweet-home.co.il/lang/es,https://sweet-home.co.il/,301,06 Feb 2026 (16:54 UTC)
https://sweet-home.co.il/projects?page=3,https://sweet-home.co.il/lang/en,https://sweet-home.co.il/,301,06 Feb 2026 (16:54 UTC)
https://sweet-home.co.il/projects?page=3,https://sweet-home.co.il/lang/de,https://sweet-home.co.il/,301,06 Feb 2026 (16:54 UTC)
https://sweet-home.co.il/projects?page=3,https://sweet-home.co.il/lang/es,https://sweet-home.co.il/,301,06 Feb 2026 (16:54 UTC)
https://sweet-home.co.il/projects?page=4,https://sweet-home.co.il/lang/de,https://sweet-home.co.il/,301,06 Feb 2026 (16:54 UTC)
https://sweet-home.co.il/projects?page=4,https://sweet-home.co.il/lang/es,https://sweet-home.co.il/,301,06 Feb 2026 (16:54 UTC)
https://sweet-home.co.il/projects?page=4,https://sweet-home.co.il/lang/en,https://sweet-home.co.il/,301,06 Feb 2026 (16:54 UTC)
https://sweet-home.co.il/projects?page=5,https://sweet-home.co.il/lang/de,https://sweet-home.co.il/,301,06 Feb 2026 (16:54 UTC)
https://sweet-home.co.il/projects?page=5,https://sweet-home.co.il/lang/es,https://sweet-home.co.il/,301,06 Feb 2026 (16:54 UTC)
https://sweet-home.co.il/projects?page=5,https://sweet-home.co.il/lang/en,https://sweet-home.co.il/,301,06 Feb 2026 (16:54 UTC)
https://sweet-home.co.il/properties,https://sweet-home.co.il/lang/en,https://sweet-home.co.il/,301,06 Feb 2026 (16:54 UTC)
https://sweet-home.co.il/properties,https://sweet-home.co.il/lang/es,https://sweet-home.co.il/,301,06 Feb 2026 (16:54 UTC)
https://sweet-home.co.il/properties,https://sweet-home.co.il/lang/de,https://sweet-home.co.il/,301,06 Feb 2026 (16:54 UTC)
https://sweet-home.co.il/properties?country=Cyprus,https://sweet-home.co.il/lang/en,https://sweet-home.co.il/,301,06 Feb 2026 (16:54 UTC)
https://sweet-home.co.il/properties?country=Cyprus,https://sweet-home.co.il/lang/es,https://sweet-home.co.il/,301,06 Feb 2026 (16:54 UTC)
https://sweet-home.co.il/properties?country=Cyprus,https://sweet-home.co.il/lang/de,https://sweet-home.co.il/,301,06 Feb 2026 (16:54 UTC)
https://sweet-home.co.il/properties?country=Cyprus&page=1,https://sweet-home.co.il/lang/en,https://sweet-home.co.il/,301,06 Feb 2026 (16:54 UTC)
https://sweet-home.co.il/properties?country=Cyprus&page=1,https://sweet-home.co.il/lang/es,https://sweet-home.co.il/,301,06 Feb 2026 (16:54 UTC)
https://sweet-home.co.il/properties?country=Cyprus&page=1,https://sweet-home.co.il/lang/de,https://sweet-home.co.il/,301,06 Feb 2026 (16:54 UTC)
https://sweet-home.co.il/properties?country=Cyprus&page=2,https://sweet-home.co.il/lang/en,https://sweet-home.co.il/,301,06 Feb 2026 (16:54 UTC)
https://sweet-home.co.il/properties?country=Cyprus&page=2,https://sweet-home.co.il/lang/es,https://sweet-home.co.il/,301,06 Feb 2026 (16:54 UTC)
https://sweet-home.co.il/properties?country=Cyprus&page=2,https://sweet-home.co.il/lang/de,https://sweet-home.co.il/,301,06 Feb 2026 (16:54 UTC)
https://sweet-home.co.il/properties?country=Cyprus&page=3,https://sweet-home.co.il/lang/en,https://sweet-home.co.il/,301,06 Feb 2026 (16:54 UTC)
https://sweet-home.co.il/properties?country=Cyprus&page=3,https://sweet-home.co.il/lang/de,https://sweet-home.co.il/,301,06 Feb 2026 (16:54 UTC)
https://sweet-home.co.il/properties?country=Cyprus&page=3,https://sweet-home.co.il/lang/es,https://sweet-home.co.il/,301,06 Feb 2026 (16:54 UTC)
https://sweet-home.co.il/properties?country=Cyprus&page=4,https://sweet-home.co.il/lang/en,https://sweet-home.co.il/,301,06 Feb 2026 (16:54 UTC)
https://sweet-home.co.il/properties?country=Cyprus&page=4,https://sweet-home.co.il/lang/es,https://sweet-home.co.il/,301,06 Feb 2026 (16:54 UTC)
https://sweet-home.co.il/properties?country=Cyprus&page=4,https://sweet-home.co.il/lang/de,https://sweet-home.co.il/,301,06 Feb 2026 (16:54 UTC)
https://sweet-home.co.il/properties?country=Cyprus&page=5,https://sweet-home.co.il/lang/en,https://sweet-home.co.il/,301,06 Feb 2026 (16:54 UTC)
https://sweet-home.co.il/properties?country=Cyprus&page=5,https://sweet-home.co.il/lang/es,https://sweet-home.co.il/,301,06 Feb 2026 (16:54 UTC)
https://sweet-home.co.il/properties?country=Cyprus&page=5,https://sweet-home.co.il/lang/de,https://sweet-home.co.il/,301,06 Feb 2026 (16:54 UTC)
https://sweet-home.co.il/properties?country=Cyprus&page=6,https://sweet-home.co.il/lang/es,https://sweet-home.co.il/,301,06 Feb 2026 (16:54 UTC)
https://sweet-home.co.il/properties?country=Cyprus&page=6,https://sweet-home.co.il/lang/de,https://sweet-home.co.il/,301,06 Feb 2026 (16:54 UTC)
https://sweet-home.co.il/properties?country=Cyprus&page=6,https://sweet-home.co.il/lang/en,https://sweet-home.co.il/,301,06 Feb 2026 (16:54 UTC)
https://sweet-home.co.il/properties?country=Germany&city=Berlin,https://sweet-home.co.il/lang/es,https://sweet-home.co.il/,301,06 Feb 2026 (16:54 UTC)
https://sweet-home.co.il/properties?country=Germany&city=Berlin,https://sweet-home.co.il/lang/de,https://sweet-home.co.il/,301,06 Feb 2026 (16:54 UTC)
https://sweet-home.co.il/properties?country=Germany&city=Berlin,https://sweet-home.co.il/lang/en,https://sweet-home.co.il/,301,06 Feb 2026 (16:54 UTC)
https://sweet-home.co.il/properties?country=Germany&city=Berlin&page=2,https://sweet-home.co.il/lang/de,https://sweet-home.co.il/,301,06 Feb 2026 (16:54 UTC)
https://sweet-home.co.il/properties?country=Germany&city=Berlin&page=2,https://sweet-home.co.il/lang/es,https://sweet-home.co.il/,301,06 Feb 2026 (16:54 UTC)
https://sweet-home.co.il/properties?country=Germany&city=Berlin&page=2,https://sweet-home.co.il/lang/en,https://sweet-home.co.il/,301,06 Feb 2026 (16:54 UTC)
https://sweet-home.co.il/properties?country=Germany&city=Berlin&page=3,https://sweet-home.co.il/lang/es,https://sweet-home.co.il/,301,06 Feb 2026 (16:54 UTC)
https://sweet-home.co.il/properties?country=Germany&city=Berlin&page=3,https://sweet-home.co.il/lang/de,https://sweet-home.co.il/,301,06 Feb 2026 (16:54 UTC)
https://sweet-home.co.il/properties?country=Germany&city=Berlin&page=3,https://sweet-home.co.il/lang/en,https://sweet-home.co.il/,301,06 Feb 2026 (16:54 UTC)
https://sweet-home.co.il/properties?country=Germany&city=Berlin&page=7,https://sweet-home.co.il/lang/en,https://sweet-home.co.il/,301,06 Feb 2026 (16:54 UTC)
https://sweet-home.co.il/properties?country=Germany&city=Berlin&page=7,https://sweet-home.co.il/lang/es,https://sweet-home.co.il/,301,06 Feb 2026 (16:54 UTC)
https://sweet-home.co.il/properties?country=Germany&city=Berlin&page=7,https://sweet-home.co.il/lang/de,https://sweet-home.co.il/,301,06 Feb 2026 (16:54 UTC)
https://sweet-home.co.il/properties?country=UAE&city=Dubai,https://sweet-home.co.il/lang/es,https://sweet-home.co.il/,301,06 Feb 2026 (16:54 UTC)
https://sweet-home.co.il/properties?country=UAE&city=Dubai,https://sweet-home.co.il/lang/de,https://sweet-home.co.il/,301,06 Feb 2026 (16:54 UTC)
https://sweet-home.co.il/properties?country=UAE&city=Dubai,https://sweet-home.co.il/lang/en,https://sweet-home.co.il/,301,06 Feb 2026 (16:54 UTC)
https://sweet-home.co.il/properties?page=1,https://sweet-home.co.il/lang/es,https://sweet-home.co.il/,301,06 Feb 2026 (16:54 UTC)
https://sweet-home.co.il/properties?page=1,https://sweet-home.co.il/lang/de,https://sweet-home.co.il/,301,06 Feb 2026 (16:54 UTC)
https://sweet-home.co.il/properties?page=1,https://sweet-home.co.il/lang/en,https://sweet-home.co.il/,301,06 Feb 2026 (16:54 UTC)
https://sweet-home.co.il/properties?page=11,https://sweet-home.co.il/lang/de,https://sweet-home.co.il/,301,06 Feb 2026 (16:54 UTC)
https://sweet-home.co.il/properties?page=11,https://sweet-home.co.il/lang/es,https://sweet-home.co.il/,301,06 Feb 2026 (16:54 UTC)
https://sweet-home.co.il/properties?page=11,https://sweet-home.co.il/lang/en,https://sweet-home.co.il/,301,06 Feb 2026 (16:54 UTC)
https://sweet-home.co.il/properties?page=12,https://sweet-home.co.il/lang/de,https://sweet-home.co.il/,301,06 Feb 2026 (16:54 UTC)
https://sweet-home.co.il/properties?page=12,https://sweet-home.co.il/lang/es,https://sweet-home.co.il/,301,06 Feb 2026 (16:54 UTC)
https://sweet-home.co.il/properties?page=12,https://sweet-home.co.il/lang/en,https://sweet-home.co.il/,301,06 Feb 2026 (16:54 UTC)
https://sweet-home.co.il/properties?page=13,https://sweet-home.co.il/lang/de,https://sweet-home.co.il/,301,06 Feb 2026 (16:54 UTC)
https://sweet-home.co.il/properties?page=13,https://sweet-home.co.il/lang/es,https://sweet-home.co.il/,301,06 Feb 2026 (16:54 UTC)
https://sweet-home.co.il/properties?page=13,https://sweet-home.co.il/lang/en,https://sweet-home.co.il/,301,06 Feb 2026 (16:54 UTC)
https://sweet-home.co.il/properties?page=2,https://sweet-home.co.il/lang/es,https://sweet-home.co.il/,301,06 Feb 2026 (16:54 UTC)
https://sweet-home.co.il/properties?page=2,https://sweet-home.co.il/lang/de,https://sweet-home.co.il/,301,06 Feb 2026 (16:54 UTC)
https://sweet-home.co.il/properties?page=2,https://sweet-home.co.il/lang/en,https://sweet-home.co.il/,301,06 Feb 2026 (16:54 UTC)
https://sweet-home.co.il/properties?page=3,https://sweet-home.co.il/lang/es,https://sweet-home.co.il/,301,06 Feb 2026 (16:54 UTC)
https://sweet-home.co.il/properties?page=3,https://sweet-home.co.il/lang/en,https://sweet-home.co.il/,301,06 Feb 2026 (16:54 UTC)
https://sweet-home.co.il/properties?page=3,https://sweet-home.co.il/lang/de,https://sweet-home.co.il/,301,06 Feb 2026 (16:54 UTC)
https://sweet-home.co.il/properties?page=4,https://sweet-home.co.il/lang/en,https://sweet-home.co.il/,301,06 Feb 2026 (16:54 UTC)
https://sweet-home.co.il/properties?page=4,https://sweet-home.co.il/lang/es,https://sweet-home.co.il/,301,06 Feb 2026 (16:54 UTC)
https://sweet-home.co.il/properties?page=4,https://sweet-home.co.il/lang/de,https://sweet-home.co.il/,301,06 Feb 2026 (16:54 UTC)
https://sweet-home.co.il/properties?page=5,https://sweet-home.co.il/lang/de,https://sweet-home.co.il/,301,06 Feb 2026 (16:54 UTC)
https://sweet-home.co.il/properties?page=5,https://sweet-home.co.il/lang/es,https://sweet-home.co.il/,301,06 Feb 2026 (16:54 UTC)
https://sweet-home.co.il/properties?page=5,https://sweet-home.co.il/lang/en,https://sweet-home.co.il/,301,06 Feb 2026 (16:54 UTC)
https://sweet-home.co.il/services,https://sweet-home.co.il/lang/en,https://sweet-home.co.il/,301,06 Feb 2026 (16:54 UTC)
https://sweet-home.co.il/services,https://sweet-home.co.il/lang/es,https://sweet-home.co.il/,301,06 Feb 2026 (16:54 UTC)
https://sweet-home.co.il/services,https://sweet-home.co.il/lang/de,https://sweet-home.co.il/,301,06 Feb 2026 (16:54 UTC)
https://sweet-home.co.il/terms,https://sweet-home.co.il/lang/de,https://sweet-home.co.il/,301,06 Feb 2026 (16:54 UTC)
https://sweet-home.co.il/terms,https://sweet-home.co.il/lang/es,https://sweet-home.co.il/,301,06 Feb 2026 (16:54 UTC)
https://sweet-home.co.il/terms,https://sweet-home.co.il/lang/en,https://sweet-home.co.il/,301,06 Feb 2026 (16:54 UTC)
