Page URL,Resource URL,Resource Type,Discovered
https://sweet-home.co.il/properties,https://unpkg.com/leaflet@1.9.4/dist/leaflet.css,css,02 Jan 2026 (14:22 UTC)
https://sweet-home.co.il/properties/1-bedroom-apartment-azizi-venice,https://unpkg.com/leaflet@1.9.4/dist/leaflet.css,css,07 Jan 2026 (00:50 UTC)
https://sweet-home.co.il/properties/2-bedroom-apartment-azizi-venice,https://unpkg.com/leaflet@1.9.4/dist/leaflet.css,css,07 Jan 2026 (00:50 UTC)
https://sweet-home.co.il/properties/3-bedroom-apartment-azizi-venice,https://unpkg.com/leaflet@1.9.4/dist/leaflet.css,css,07 Jan 2026 (00:50 UTC)
https://sweet-home.co.il/properties/studio-apartment-azizi-venice,https://unpkg.com/leaflet@1.9.4/dist/leaflet.css,css,07 Jan 2026 (00:50 UTC)
https://sweet-home.co.il/properties?country=Cyprus,https://unpkg.com/leaflet@1.9.4/dist/leaflet.css,css,02 Jan 2026 (14:22 UTC)
https://sweet-home.co.il/properties?country=Cyprus&page=1,https://unpkg.com/leaflet@1.9.4/dist/leaflet.css,css,02 Jan 2026 (14:22 UTC)
https://sweet-home.co.il/properties?country=Cyprus&page=2,https://unpkg.com/leaflet@1.9.4/dist/leaflet.css,css,02 Jan 2026 (14:22 UTC)
https://sweet-home.co.il/properties?country=Cyprus&page=3,https://unpkg.com/leaflet@1.9.4/dist/leaflet.css,css,02 Jan 2026 (14:22 UTC)
https://sweet-home.co.il/properties?country=Cyprus&page=4,https://unpkg.com/leaflet@1.9.4/dist/leaflet.css,css,02 Jan 2026 (14:22 UTC)
https://sweet-home.co.il/properties?country=Cyprus&page=5,https://unpkg.com/leaflet@1.9.4/dist/leaflet.css,css,02 Jan 2026 (14:22 UTC)
https://sweet-home.co.il/properties?country=Cyprus&page=6,https://unpkg.com/leaflet@1.9.4/dist/leaflet.css,css,02 Jan 2026 (14:22 UTC)
https://sweet-home.co.il/properties?country=Germany&city=Berlin,https://unpkg.com/leaflet@1.9.4/dist/leaflet.css,css,02 Jan 2026 (14:22 UTC)
https://sweet-home.co.il/properties?country=Germany&city=Berlin&page=2,https://unpkg.com/leaflet@1.9.4/dist/leaflet.css,css,02 Jan 2026 (14:22 UTC)
https://sweet-home.co.il/properties?country=Germany&city=Berlin&page=3,https://unpkg.com/leaflet@1.9.4/dist/leaflet.css,css,02 Jan 2026 (14:22 UTC)
https://sweet-home.co.il/properties?country=Germany&city=Berlin&page=7,https://unpkg.com/leaflet@1.9.4/dist/leaflet.css,css,02 Jan 2026 (14:22 UTC)
https://sweet-home.co.il/properties?country=UAE&city=Dubai,https://unpkg.com/leaflet@1.9.4/dist/leaflet.css,css,02 Jan 2026 (14:22 UTC)
https://sweet-home.co.il/properties?page=1,https://unpkg.com/leaflet@1.9.4/dist/leaflet.css,css,02 Jan 2026 (14:22 UTC)
https://sweet-home.co.il/properties?page=11,https://unpkg.com/leaflet@1.9.4/dist/leaflet.css,css,02 Jan 2026 (14:22 UTC)
https://sweet-home.co.il/properties?page=12,https://unpkg.com/leaflet@1.9.4/dist/leaflet.css,css,02 Jan 2026 (14:22 UTC)
https://sweet-home.co.il/properties?page=13,https://unpkg.com/leaflet@1.9.4/dist/leaflet.css,css,02 Jan 2026 (14:22 UTC)
https://sweet-home.co.il/properties?page=2,https://unpkg.com/leaflet@1.9.4/dist/leaflet.css,css,02 Jan 2026 (14:22 UTC)
https://sweet-home.co.il/properties?page=3,https://unpkg.com/leaflet@1.9.4/dist/leaflet.css,css,02 Jan 2026 (14:22 UTC)
https://sweet-home.co.il/properties?page=4,https://unpkg.com/leaflet@1.9.4/dist/leaflet.css,css,02 Jan 2026 (14:22 UTC)
https://sweet-home.co.il/properties?page=5,https://unpkg.com/leaflet@1.9.4/dist/leaflet.css,css,05 Jan 2026 (19:13 UTC)
