Page URL,Pages with same meta description,Discovered
https://sweet-home.co.il/blog,"https://sweet-home.co.il/blog?page=6, https://sweet-home.co.il/blog?page=4, https://sweet-home.co.il/blog?page=5, https://sweet-home.co.il/blog?page=7, https://sweet-home.co.il/blog?page=8, https://sweet-home.co.il/blog?page=3, https://sweet-home.co.il/blog?page=2",08 Feb 2026 (02:48 UTC)
https://sweet-home.co.il/blog?page=2,"https://sweet-home.co.il/blog?page=6, https://sweet-home.co.il/blog?page=4, https://sweet-home.co.il/blog?page=5, https://sweet-home.co.il/blog?page=7, https://sweet-home.co.il/blog?page=8, https://sweet-home.co.il/blog?page=3, https://sweet-home.co.il/blog",08 Feb 2026 (02:48 UTC)
https://sweet-home.co.il/blog?page=3,"https://sweet-home.co.il/blog?page=6, https://sweet-home.co.il/blog?page=4, https://sweet-home.co.il/blog?page=5, https://sweet-home.co.il/blog?page=7, https://sweet-home.co.il/blog?page=8, https://sweet-home.co.il/blog, https://sweet-home.co.il/blog?page=2",08 Feb 2026 (02:48 UTC)
https://sweet-home.co.il/blog?page=4,"https://sweet-home.co.il/blog?page=6, https://sweet-home.co.il/blog?page=5, https://sweet-home.co.il/blog?page=7, https://sweet-home.co.il/blog?page=8, https://sweet-home.co.il/blog?page=3, https://sweet-home.co.il/blog, https://sweet-home.co.il/blog?page=2",08 Feb 2026 (02:48 UTC)
https://sweet-home.co.il/blog?page=5,"https://sweet-home.co.il/blog?page=6, https://sweet-home.co.il/blog?page=4, https://sweet-home.co.il/blog?page=7, https://sweet-home.co.il/blog?page=8, https://sweet-home.co.il/blog?page=3, https://sweet-home.co.il/blog, https://sweet-home.co.il/blog?page=2",08 Feb 2026 (02:48 UTC)
https://sweet-home.co.il/blog?page=6,"https://sweet-home.co.il/blog?page=4, https://sweet-home.co.il/blog?page=5, https://sweet-home.co.il/blog?page=7, https://sweet-home.co.il/blog?page=8, https://sweet-home.co.il/blog?page=3, https://sweet-home.co.il/blog, https://sweet-home.co.il/blog?page=2",08 Feb 2026 (02:48 UTC)
https://sweet-home.co.il/blog?page=7,"https://sweet-home.co.il/blog?page=6, https://sweet-home.co.il/blog?page=4, https://sweet-home.co.il/blog?page=5, https://sweet-home.co.il/blog?page=8, https://sweet-home.co.il/blog?page=3, https://sweet-home.co.il/blog, https://sweet-home.co.il/blog?page=2",08 Feb 2026 (02:48 UTC)
https://sweet-home.co.il/blog?page=8,"https://sweet-home.co.il/blog?page=6, https://sweet-home.co.il/blog?page=4, https://sweet-home.co.il/blog?page=5, https://sweet-home.co.il/blog?page=7, https://sweet-home.co.il/blog?page=3, https://sweet-home.co.il/blog, https://sweet-home.co.il/blog?page=2",08 Feb 2026 (02:48 UTC)
https://sweet-home.co.il/projects,"https://sweet-home.co.il/projects?country=Cyprus&page=3, https://sweet-home.co.il/projects?country=UAE&city=Dubai, https://sweet-home.co.il/projects?country=Cyprus&page=4, https://sweet-home.co.il/projects?page=3, https://sweet-home.co.il/projects?page=4, https://sweet-home.co.il/projects?page=5, https://sweet-home.co.il/projects?country=Cyprus&page=2, https://sweet-home.co.il/projects?country=UAE, https://sweet-home.co.il/projects?country=Cyprus, https://sweet-home.co.il/projects?page=1",08 Feb 2026 (02:48 UTC)
https://sweet-home.co.il/projects?country=Cyprus,"https://sweet-home.co.il/projects?country=Cyprus&page=3, https://sweet-home.co.il/projects?country=UAE&city=Dubai, https://sweet-home.co.il/projects?country=Cyprus&page=4, https://sweet-home.co.il/projects?page=3, https://sweet-home.co.il/projects?page=4, https://sweet-home.co.il/projects?page=5, https://sweet-home.co.il/projects?country=Cyprus&page=2, https://sweet-home.co.il/projects?country=UAE, https://sweet-home.co.il/projects?page=1, https://sweet-home.co.il/projects?page=2",08 Feb 2026 (02:48 UTC)
https://sweet-home.co.il/projects?country=Cyprus&page=2,"https://sweet-home.co.il/projects?country=Cyprus&page=3, https://sweet-home.co.il/projects?country=UAE&city=Dubai, https://sweet-home.co.il/projects?country=Cyprus&page=4, https://sweet-home.co.il/projects?page=3, https://sweet-home.co.il/projects?page=4, https://sweet-home.co.il/projects?page=5, https://sweet-home.co.il/projects?country=UAE, https://sweet-home.co.il/projects?country=Cyprus, https://sweet-home.co.il/projects?page=1, https://sweet-home.co.il/projects?page=2",08 Feb 2026 (02:48 UTC)
https://sweet-home.co.il/projects?country=Cyprus&page=3,"https://sweet-home.co.il/projects?country=UAE&city=Dubai, https://sweet-home.co.il/projects?country=Cyprus&page=4, https://sweet-home.co.il/projects?page=3, https://sweet-home.co.il/projects?page=4, https://sweet-home.co.il/projects?page=5, https://sweet-home.co.il/projects?country=Cyprus&page=2, https://sweet-home.co.il/projects?country=UAE, https://sweet-home.co.il/projects?country=Cyprus, https://sweet-home.co.il/projects?page=1, https://sweet-home.co.il/projects?page=2",08 Feb 2026 (02:48 UTC)
https://sweet-home.co.il/projects?country=Cyprus&page=4,"https://sweet-home.co.il/projects?country=Cyprus&page=3, https://sweet-home.co.il/projects?country=UAE&city=Dubai, https://sweet-home.co.il/projects?page=3, https://sweet-home.co.il/projects?page=4, https://sweet-home.co.il/projects?page=5, https://sweet-home.co.il/projects?country=Cyprus&page=2, https://sweet-home.co.il/projects?country=UAE, https://sweet-home.co.il/projects?country=Cyprus, https://sweet-home.co.il/projects?page=1, https://sweet-home.co.il/projects?page=2",08 Feb 2026 (02:48 UTC)
https://sweet-home.co.il/projects?country=Germany&city=Berlin,"https://sweet-home.co.il/projects?country=Cyprus&page=3, https://sweet-home.co.il/projects?country=UAE&city=Dubai, https://sweet-home.co.il/projects?country=Cyprus&page=4, https://sweet-home.co.il/projects?page=3, https://sweet-home.co.il/projects?page=4, https://sweet-home.co.il/projects?page=5, https://sweet-home.co.il/projects?country=Cyprus&page=2, https://sweet-home.co.il/projects?country=UAE, https://sweet-home.co.il/projects?country=Cyprus, https://sweet-home.co.il/projects?page=1",08 Feb 2026 (02:48 UTC)
https://sweet-home.co.il/projects?country=UAE,"https://sweet-home.co.il/projects?country=Cyprus&page=3, https://sweet-home.co.il/projects?country=UAE&city=Dubai, https://sweet-home.co.il/projects?country=Cyprus&page=4, https://sweet-home.co.il/projects?page=3, https://sweet-home.co.il/projects?page=4, https://sweet-home.co.il/projects?page=5, https://sweet-home.co.il/projects?country=Cyprus&page=2, https://sweet-home.co.il/projects?country=Cyprus, https://sweet-home.co.il/projects?page=1, https://sweet-home.co.il/projects?page=2",08 Feb 2026 (02:48 UTC)
https://sweet-home.co.il/projects?country=UAE&city=Dubai,"https://sweet-home.co.il/projects?country=Cyprus&page=3, https://sweet-home.co.il/projects?country=Cyprus&page=4, https://sweet-home.co.il/projects?page=3, https://sweet-home.co.il/projects?page=4, https://sweet-home.co.il/projects?page=5, https://sweet-home.co.il/projects?country=Cyprus&page=2, https://sweet-home.co.il/projects?country=UAE, https://sweet-home.co.il/projects?country=Cyprus, https://sweet-home.co.il/projects?page=1, https://sweet-home.co.il/projects?page=2",08 Feb 2026 (02:48 UTC)
https://sweet-home.co.il/projects?page=1,"https://sweet-home.co.il/projects?country=Cyprus&page=3, https://sweet-home.co.il/projects?country=UAE&city=Dubai, https://sweet-home.co.il/projects?country=Cyprus&page=4, https://sweet-home.co.il/projects?page=3, https://sweet-home.co.il/projects?page=4, https://sweet-home.co.il/projects?page=5, https://sweet-home.co.il/projects?country=Cyprus&page=2, https://sweet-home.co.il/projects?country=UAE, https://sweet-home.co.il/projects?country=Cyprus, https://sweet-home.co.il/projects?page=2",08 Feb 2026 (02:48 UTC)
https://sweet-home.co.il/projects?page=2,"https://sweet-home.co.il/projects?country=Cyprus&page=3, https://sweet-home.co.il/projects?country=UAE&city=Dubai, https://sweet-home.co.il/projects?country=Cyprus&page=4, https://sweet-home.co.il/projects?page=3, https://sweet-home.co.il/projects?page=4, https://sweet-home.co.il/projects?page=5, https://sweet-home.co.il/projects?country=Cyprus&page=2, https://sweet-home.co.il/projects?country=UAE, https://sweet-home.co.il/projects?country=Cyprus, https://sweet-home.co.il/projects?page=1",08 Feb 2026 (02:48 UTC)
https://sweet-home.co.il/projects?page=3,"https://sweet-home.co.il/projects?country=Cyprus&page=3, https://sweet-home.co.il/projects?country=UAE&city=Dubai, https://sweet-home.co.il/projects?country=Cyprus&page=4, https://sweet-home.co.il/projects?page=4, https://sweet-home.co.il/projects?page=5, https://sweet-home.co.il/projects?country=Cyprus&page=2, https://sweet-home.co.il/projects?country=UAE, https://sweet-home.co.il/projects?country=Cyprus, https://sweet-home.co.il/projects?page=1, https://sweet-home.co.il/projects?page=2",08 Feb 2026 (02:48 UTC)
https://sweet-home.co.il/projects?page=4,"https://sweet-home.co.il/projects?country=Cyprus&page=3, https://sweet-home.co.il/projects?country=UAE&city=Dubai, https://sweet-home.co.il/projects?country=Cyprus&page=4, https://sweet-home.co.il/projects?page=3, https://sweet-home.co.il/projects?page=5, https://sweet-home.co.il/projects?country=Cyprus&page=2, https://sweet-home.co.il/projects?country=UAE, https://sweet-home.co.il/projects?country=Cyprus, https://sweet-home.co.il/projects?page=1, https://sweet-home.co.il/projects?page=2",08 Feb 2026 (02:48 UTC)
https://sweet-home.co.il/projects?page=5,"https://sweet-home.co.il/projects?country=Cyprus&page=3, https://sweet-home.co.il/projects?country=UAE&city=Dubai, https://sweet-home.co.il/projects?country=Cyprus&page=4, https://sweet-home.co.il/projects?page=3, https://sweet-home.co.il/projects?page=4, https://sweet-home.co.il/projects?country=Cyprus&page=2, https://sweet-home.co.il/projects?country=UAE, https://sweet-home.co.il/projects?country=Cyprus, https://sweet-home.co.il/projects?page=1, https://sweet-home.co.il/projects?page=2",08 Feb 2026 (02:48 UTC)
