Page URL,Discovered
https://sweet-home.co.il/,02 Jan 2026 (14:22 UTC)
https://sweet-home.co.il/projects,02 Jan 2026 (14:22 UTC)
https://sweet-home.co.il/projects?country=Cyprus,02 Jan 2026 (14:22 UTC)
https://sweet-home.co.il/projects?country=UAE,07 Jan 2026 (00:39 UTC)
https://sweet-home.co.il/projects?country=UAE&city=Dubai,02 Jan 2026 (14:22 UTC)
https://sweet-home.co.il/projects?page=1,02 Jan 2026 (14:22 UTC)
https://sweet-home.co.il/projects?page=2,02 Jan 2026 (14:22 UTC)
https://sweet-home.co.il/projects?page=3,02 Jan 2026 (14:22 UTC)
https://sweet-home.co.il/projects?page=4,02 Jan 2026 (14:22 UTC)
https://sweet-home.co.il/projects?page=5,02 Jan 2026 (14:22 UTC)
https://sweet-home.co.il/properties,02 Jan 2026 (14:22 UTC)
https://sweet-home.co.il/properties?country=Cyprus,02 Jan 2026 (14:22 UTC)
https://sweet-home.co.il/properties?country=Cyprus&page=1,02 Jan 2026 (14:22 UTC)
https://sweet-home.co.il/properties?country=Cyprus&page=2,02 Jan 2026 (14:22 UTC)
https://sweet-home.co.il/properties?country=Cyprus&page=3,02 Jan 2026 (14:22 UTC)
https://sweet-home.co.il/properties?country=Cyprus&page=4,02 Jan 2026 (14:22 UTC)
https://sweet-home.co.il/properties?country=Cyprus&page=5,02 Jan 2026 (14:22 UTC)
https://sweet-home.co.il/properties?country=Cyprus&page=6,02 Jan 2026 (14:22 UTC)
https://sweet-home.co.il/properties?country=Germany&city=Berlin,02 Jan 2026 (14:22 UTC)
https://sweet-home.co.il/properties?country=Germany&city=Berlin&page=2,02 Jan 2026 (14:22 UTC)
https://sweet-home.co.il/properties?country=Germany&city=Berlin&page=3,02 Jan 2026 (14:22 UTC)
https://sweet-home.co.il/properties?country=Germany&city=Berlin&page=7,02 Jan 2026 (14:22 UTC)
https://sweet-home.co.il/properties?country=UAE,07 Jan 2026 (00:39 UTC)
https://sweet-home.co.il/properties?country=UAE&city=Dubai,02 Jan 2026 (14:22 UTC)
https://sweet-home.co.il/properties?page=1,02 Jan 2026 (14:22 UTC)
https://sweet-home.co.il/properties?page=11,02 Jan 2026 (14:22 UTC)
https://sweet-home.co.il/properties?page=12,02 Jan 2026 (14:22 UTC)
https://sweet-home.co.il/properties?page=13,02 Jan 2026 (14:22 UTC)
https://sweet-home.co.il/properties?page=2,02 Jan 2026 (14:22 UTC)
https://sweet-home.co.il/properties?page=3,02 Jan 2026 (14:22 UTC)
https://sweet-home.co.il/properties?page=4,02 Jan 2026 (14:22 UTC)
https://sweet-home.co.il/properties?page=5,05 Jan 2026 (19:13 UTC)
https://sweet-home.co.il/services,02 Jan 2026 (14:22 UTC)
